id;NormKurs5;NormKurs200;NumberRise200;MA50Norm;MA200Norm;MA50NormDiff;MA200NormDiff;RSI_9;RSI_14;RSI2_diff;RSI3_diff;RSI5_diff;RSI9_diff;RSI10_diff;RSI14_diff;RSI20_diff;RSI25_diff;Stoch_Sk1433;Stoch_Sd1433;Stoch_Sk1338;Stoch_Sd1338;Stoch_Sk533;Stoch_Sd533;Stoch_Sk2177;Stoch_Sd2177;Stoch_Sk211414;Stoch_Sd211414;Stoch_Sk31414;Stoch_Sd31414;MACD_12_26_9;MACDS_12_26_9;MACD_5_35_5;MACDS_5_35_5;MACD_12_26_9Diff;MACDS_12_26_9Diff;MACD_5_35_5Diff;MACDS_5_35_5Diff;MACD_12_26_9DiffDirChange;MACDS_12_26_9DiffDirChange;MACD_5_35_5DiffDirChange;MACDS_5_35_5DiffDirChange;week_of_year;day_of_year;day_of_month;day_week__0;day_week__1;day_week__2;day_week__3;day_week__4;month_year__1;month_year__2;month_year__3;month_year__4;month_year__5;month_year__6;month_year__7;month_year__8;month_year__9;month_year__10;month_year__11;month_year__12;week_month__1;week_month__2;week_month__3;week_month__4;week_month__5;week_month__6
200;0.526627339676018;0.8931267922597635;0.54;-0.0189849348933351;-0.0772719155689403;-0.0110477297365888;-0.0113018635087442;53.21659321954354;54.22311101551726;45.37785196807096;31.275309586176643;18.994141767451616;9.702758030150685;8.561755924167407;5.750076163562831;3.777663325613176;2.8950495209328797;60.68293876801536;69.60537416689586;74.6567814839963;78.38136353836218;37.41659171010127;33.278724901065;78.85503474472273;82.11685068033275;80.50520137790707;71.51161254700529;53.19353341170819;55.66288651374608;10.948695464417824;12.91810237093101;20.05275337680996;25.013867239545043;-0.4786544635380778;-0.4923517266282946;0.0187297211721215;-2.4805569313675377;-0.216;-0.6;1.0;-0.216;42;290;16;0;0;0;0;1;0;0;0;0;0;0;0;0;0;1;0;0;0;0;1;0;0;0
201;1.0;0.9034718801808408;0.545;-0.0213290531688311;-0.080270456632147;-0.0023441182754959;-0.0029985410632066;55.62963119145189;55.72069102475931;9.19459015803659;6.735683020774211;4.355036835984627;2.413037971908352;2.156226844783518;1.49758000924205;1.0097056684884933;0.7834476694276375;58.56322844164411;60.8636570029058;73.84210362831863;75.04452509288147;50.35831052584146;35.69832139022697;78.6089735032845;81.69842279715833;80.07347109439495;72.3190335679131;52.26624324901461;55.22578917629846;10.95066958598295;12.5246158139414;21.440398046125665;23.822710841738587;0.0019741215651265;-0.3934865569896111;1.387644669315705;-1.1911563978064557;1.0;-0.36;0.6;-0.13;43;293;19;1;0;0;0;0;0;0;0;0;0;0;0;0;0;1;0;0;0;0;0;1;0;0
202;1.0;0.9034718801808408;0.54;-0.0207283772526809;-0.0801489855369902;0.0006006759161502;0.0001214710951568;55.629631191451885;55.72069102475931;0.0;0.0;-7.105427357601002e-15;-7.105427357601002e-15;0.0;0.0;0.0;-7.105427357601002e-15;72.80138236095884;64.01584985687276;72.73484799619258;73.74457770283584;69.18818365205614;52.32102862933296;78.5669184495034;81.24259323271589;80.16232192505194;73.14267351244665;52.71660274918322;54.88330599750333;10.827422307027064;12.185177112558533;21.917055837062662;23.187492506846613;-0.1232472789558869;-0.3394387013828659;0.4766577909369971;-0.6352183348919738;-1.0;-0.216;0.36;0.0;43;294;20;0;1;0;0;0;0;0;0;0;0;0;0;0;0;1;0;0;0;0;0;1;0;0
203;0.2712994389143981;0.8691467955752025;0.54;-0.0091549371707308;-0.069535691859009;0.0115734400819501;0.0106132936779811;45.72555874763264;49.490359390282855;-52.23049099300531;-31.442179676853563;-17.99508024920962;-9.904072443819246;-8.87985589904806;-6.230331634476457;-4.235489052918041;-3.2961415668993155;65.55301343658452;65.63920807972916;66.43567446697165;71.00420869716096;61.10196237479571;60.21615218423111;73.36978594745779;79.73662824696224;78.64066339759559;73.85489219285786;50.5922174583578;54.49748178106426;8.942628714602733;11.536667432967374;16.01408146770723;20.796355493800156;-1.8847935924243304;-0.6485096795911591;-5.902974369355434;-2.3911370130464604;-0.6;-0.13;-1.0;0.0;43;295;21;0;0;1;0;0;0;0;0;0;0;0;0;0;0;1;0;0;0;0;0;1;0;0
204;0.0;0.8618608431493765;0.535;-0.0064135379756932;-0.0672124704748214;0.0027413991950376;0.0023232213841875;43.86084629109928;48.25693147952696;-4.138469573452571;-4.117975697268243;-2.99448203258941;-1.8647124565333613;-1.6962294873806698;-1.2334279107558928;-0.859952357307769;-0.6769365020681875;52.62220420605602;63.658866667866455;58.884587674807854;66.01837004599072;49.879571793920384;60.05657260692408;70.79596862885883;77.68714972812516;77.96914344478853;74.59973531737475;50.1855617704416;54.069979800619535;7.010643390457062;10.63146262446531;10.770300170933297;17.454337052844537;-1.9319853241456717;-0.905204808502063;-5.243781296773932;-3.3420184409556164;-0.36;0.0;-0.6;0.0;43;296;22;0;0;0;1;0;0;0;0;0;0;0;0;0;0;1;0;0;0;0;0;1;0;0
205;0.1442653174453866;0.8678638726159524;0.54;-0.0076837411086854;-0.0689871077289576;-0.0012702031329921;-0.0017746372541361;45.90560372376999;49.3764078978442;24.849909400521582;11.23048240138926;4.8206884840423285;2.044757432670714;1.7655370559596335;1.119476418317241;0.7025916464325448;0.52661546011376;41.537019153384215;53.23741226534158;54.90206207796002;60.07410807324652;39.745595483230666;50.24237655064892;67.66149834905731;75.36682520299794;75.78263418700261;75.17488008749196;46.87097150039914;53.28574007277423;5.708246576491774;9.646819414870604;8.283071758688038;14.397248621459038;-1.302396813965288;-0.9846432095947062;-2.4872284122452584;-3.0570884313854982;-0.216;0.0;-0.36;0.0;43;297;23;0;0;0;0;1;0;0;0;0;0;0;0;0;0;1;0;0;0;0;0;1;0;0
206;0.0;0.79396717628706;0.535;0.0174509344203642;-0.0454645108001391;0.0251346755290496;0.0235225969288185;30.514040685977964;38.37102018980294;-33.07772952208178;-26.482179658574267;-21.43482520743964;-15.391563037792029;-14.300601756086536;-11.005387708041262;-8.01657530262348;-6.44345722434155;26.63112670035404;40.26345001993143;45.55955091355752;53.11540022210848;28.07009658642095;39.231754621190674;60.10052106292151;72.56552866940088;69.90505893051126;75.41415162609225;41.544638268844274;52.23643831413865;1.038644929350994;7.925184517766683;-5.916887551960826;7.625869896985751;-4.66960164714078;-1.7216348971039217;-14.199959310648865;-6.771378724473287;-0.13;0.0;-0.216;0.0;44;300;26;1;0;0;0;0;0;0;0;0;0;0;0;0;0;1;0;0;0;0;0;0;1;0
207;0.0;0.7758753688543307;0.53;0.0238399917923368;-0.0395941130968977;0.0063890573719725;0.0058703977032413;27.93436406956001;36.24125974399415;-1.412364147257558;-2.03768510700577;-2.6264894069796902;-2.5796766164179523;-2.495018041865439;-2.129760445808792;-1.6764817395478246;-1.3972882575561485;16.4795599667414;28.21590194015988;42.24296764674762;47.5681935460884;17.445423003335417;28.420371690995683;50.13157586803626;68.4621774013028;64.4933053063795;75.32753712979029;39.33809804056629;51.25944928862846;-3.5092041666066507;5.638306780892017;-17.803586237332865;-0.8506154811204532;-4.547849095957645;-2.286877736874666;-11.88669868537204;-8.476485378106204;0.0;0.0;-0.13;0.0;44;301;27;0;1;0;0;0;0;0;0;0;0;0;0;0;0;1;0;0;0;0;0;0;1;0
208;0.0;0.7078666594779692;0.53;0.0478053472041019;-0.0167285391755945;0.023965355411765;0.0228655739213032;20.577493464803947;29.59205387111812;-2.2828800016915256;-4.118993619087584;-6.389328956942082;-7.356870604756065;-7.287405398257288;-6.649205872876031;-5.531906402281834;-4.740385706958776;3.991095030296416;15.700593899130618;34.57546708537388;40.79266188189302;4.605941712095089;16.707153767283824;39.0092092488518;62.80506822209812;58.80909137606817;74.85604235358504;37.40591923981133;50.284665555177;-10.33091645356376;2.444462134000862;-36.44421233113508;-12.71514776445866;-6.8217122869571085;-3.1938446468911548;-18.64062609380221;-11.864532283338209;0.0;0.0;0.0;0.0;44;302;28;0;0;1;0;0;0;0;0;0;0;0;0;0;0;1;0;0;0;0;0;0;1;0
209;0.0;0.6969622255017845;0.525;0.0514352103683378;-0.0132101015611075;0.0036298631642359;0.0035184376144869;19.64427884203352;28.68335554468668;-0.1839779150484521;-0.3986310469125329;-0.7144009209856979;-0.933214622770425;-0.9425532482531552;-0.9086983264314376;-0.792144701770134;-0.695120531535693;6.410623225534555;8.96042607419079;26.01172203349193;34.27671892187116;7.564261171897807;9.871875295776109;28.191957621737465;55.60864524670298;53.37943803562043;73.6852438445939;35.81410270433138;49.01717076385472;-16.08672087834725;-1.2617744684687606;-49.34767806924879;-24.925991199388704;-5.755804424783491;-3.706236602469623;-12.90346573811371;-12.210843434930045;0.0;0.0;0.0;0.0;44;303;29;0;0;0;1;0;0;0;0;0;0;0;0;0;0;1;0;0;0;0;0;0;1;0
210;0.0269577231637291;0.6995772581105651;0.525;0.050048438880685;-0.0144388728398565;-0.0013867714876528;-0.0012287712787489;20.61557323095277;29.244485658668506;7.953512863158004;3.879374978082579;1.9708408300286384;0.9712943889192474;0.8538427721969519;0.5611301139818217;0.3549777111671446;0.2645110118775733;7.425893149914931;5.942537135248634;17.75122927249194;26.1128061304526;9.825653004436802;7.331951962809904;20.829829343360547;48.102937160403386;47.09980764540917;71.74046118844375;31.921000913825857;47.0914129347633;-20.28609491054658;-5.066638556884325;-56.116579310482166;-35.322853903086525;-4.19937403219933;-3.804864088415564;-6.76890124123338;-10.39686270369782;0.0;0.0;0.0;0.0;44;304;30;0;0;0;0;1;0;0;0;0;0;0;0;0;0;1;0;0;0;0;0;0;1;0
211;0.6750735270195288;0.7502343995129857;0.53;0.0310935297994102;-0.0320088389869773;-0.0189549090812748;-0.0175699661471208;37.167076265468765;39.22091412608918;69.00882552158589;50.03864721825146;30.631866758648584;16.551503034515996;14.718114233136657;9.976428467420677;6.473286627986738;4.886020633124204;15.7410999813819;9.859205452277129;17.39973639966812;20.38756256855068;26.119845199973536;14.503253125436052;16.969740840073705;40.41347604771979;43.88285473446626;69.42872046804055;38.11170434656574;45.83332711339806;-20.888038235938893;-8.230918492695238;-50.78371501217589;-40.47647427278298;-0.6019433253923125;-3.1642799358109137;5.332864298306276;-5.153620369696455;0.0;0.0;1.0;0.0;45;307;2;1;0;0;0;0;0;0;0;0;0;0;0;0;0;0;1;0;0;1;0;0;0;0
212;1.0;0.7894606879736414;0.53;0.0170598014968397;-0.0451859031870322;-0.0140337283025704;-0.0131770642000549;46.82528067036098;45.61548338693503;11.982424158670128;16.544563819071307;14.594088655688708;9.658204404892215;8.810760999002156;6.394569260845856;4.384660350684335;3.402351623886545;28.58635400549555;17.251115712264127;18.492616992301485;17.881194221487196;55.215869339731405;30.387122514713923;14.760109044156858;32.8561347184483;41.21080369660708;66.65574661766729;42.559296059437976;44.82838324825675;-19.21904374459723;-10.428543543075635;-39.86055313894258;-40.27116722816952;1.668994491341664;-2.197625050380399;10.923161873233312;0.2053070446134626;1.0;0.0;0.6;1.0;45;308;3;0;1;0;0;0;0;0;0;0;0;0;0;0;0;0;1;0;0;1;0;0;0;0
213;1.0;0.8277166519474188;0.535;0.0038534388332416;-0.0576001396688421;-0.013206362663598;-0.0124142364818098;54.49897897178887;51.02701638295213;5.244000393726367;9.536599853671971;10.23241121367468;7.6736983014278835;7.118867590140859;5.411532996017101;3.858974804025493;3.0559861556603565;45.749312489169135;30.025588825348866;20.81050605352072;18.90095314849679;82.00375277249267;54.44648910406588;23.302498768171663;27.5992743906269;41.70150991554658;63.82966464766779;47.88239258353724;44.31444873543033;-15.836907242895675;-11.510216283039645;-25.783734771741138;-35.44202307602673;3.3821365017015523;-1.0816727399640076;14.07681836720144;4.8291441521427885;0.6;0.0;0.36;0.6;45;309;4;0;0;1;0;0;0;0;0;0;0;0;0;0;0;0;1;0;0;1;0;0;0;0
214;1.0;0.8715973966803563;0.54;-0.0105345528072216;-0.0713248284756798;-0.0143879916404633;-0.0137246888068376;61.6420125175107;56.38762718676338;2.6934151010242005;6.485797064527375;8.426745271451466;7.143033545721835;6.736705098087079;5.360610803811248;3.975584470042605;3.2139620922942527;61.96758581345;45.434417436038224;30.650908567079107;23.318010537633786;96.44358329614543;77.88773513612318;33.36086169615215;25.20345808035774;41.7462187820942;61.06116589082402;49.849116765414685;44.07556183212365;-10.878293958167433;-11.383831818065202;-9.03198404476734;-26.6386767322736;4.958613284728244;0.1263844649744427;16.751750726973796;8.803346343753127;0.36;1.0;0.216;0.36;45;310;5;0;0;0;1;0;0;0;0;0;0;0;0;0;0;0;1;0;0;1;0;0;0;0
215;0.96354595438832;0.8671732244460468;0.535;-0.0085996440863562;-0.0699335650590972;0.0019349087208654;0.0013912634165825;60.56360276100673;55.72532974099831;-9.602778978769422;-4.894955358436519;-2.2919158704824696;-1.078409756503973;-0.9550635535727778;-0.662297445765077;-0.459895155437124;-0.3668390746635879;72.35265528808121;60.02318453023346;39.75569107186853;30.405701897489468;95.49865383993262;91.3153299695236;43.38191383075357;25.828130163486566;41.19556153980268;58.28417235121029;50.65222145639732;43.96027456122242;-7.08395355607945;-10.523856165668052;0.9354676915636446;-17.44729525766119;3.7943404020879834;0.85997565239715;9.967451736330986;9.191381474612411;0.216;0.6;0.13;0.216;45;311;6;0;0;0;0;1;0;0;0;0;0;0;0;0;0;0;1;0;0;1;0;0;0;0
216;1.0;0.9810199851496196;0.54;-0.0436370248612145;-0.1037089237703915;-0.0350373807748582;-0.0337753587112942;73.82187051035775;66.59760055065318;9.92942194694932;10.427288321691677;13.634707141673616;13.258267749351027;12.789059867198423;10.87227080965488;8.567607453992125;7.161398279369799;82.87988741719012;72.40004283957377;50.70446653267048;40.37035539053938;94.4034876973676;95.44857494448188;55.58968507959996;29.742091228895497;41.89082135066871;55.550493738754334;51.779156634734775;43.8933141244761;1.4913700473352949;-8.120810923067383;26.42171660533586;-2.8242913033288417;8.575323603414745;2.403045242600669;25.48624891377221;14.623003954332347;0.13;0.36;0.0;0.13;46;314;9;1;0;0;0;0;0;0;0;0;0;0;0;0;0;0;1;0;0;0;1;0;0;0
217;0.9656694309742276;0.9757569944872404;0.535;-0.0407825022802393;-0.1019247994499893;0.0028545225809751;0.0017841243204021;72.55330988769447;65.79325456124202;-7.025640555433867;-4.271516237106454;-2.4021967057823588;-1.268560622663287;-1.135944365277112;-0.8043459894111606;-0.5616950816322799;-0.4476254185076413;87.01112040996958;80.7478877050803;61.17736026933136;50.54583929129014;91.237899999203;93.7133471788344;67.24279197895201;36.372514462551415;44.03631066115628;53.0787542575801;56.73537699659182;44.33211123434995;7.937666009584973;-4.909115536536912;41.09044774353811;11.813955045626804;6.446295962249678;3.211695386530472;14.668731138202247;14.638246348955647;0.0;0.216;0.0;0.0;46;315;10;0;1;0;0;0;0;0;0;0;0;0;0;0;0;0;1;0;0;0;1;0;0;0
218;1.0;1.0;0.535;-0.048266802398456;-0.1098209380614149;-0.0074843001182167;-0.0078961386114255;75.15726590667424;68.0466671464288;3.930683492733365;2.465615311166516;2.5809194608803523;2.6039560189797726;2.5433526177548487;2.25341258518678;1.8528592910555304;1.587727766092783;93.78302066561017;87.89134283092328;72.11554381036845;61.33245687079011;91.72934915722492;92.45691228459852;76.93625160419917;44.93915885742648;46.95299622213644;50.86331517024781;60.485798235125394;45.0678424103988;14.281768726338214;-1.0709386839618866;54.38481905752565;26.00424304959309;6.344102716753241;3.838176852575025;13.29437131398754;14.19028800396628;0.0;0.13;0.0;0.0;46;316;11;0;0;1;0;0;0;0;0;0;0;0;0;0;0;0;1;0;0;0;1;0;0;0
219;0.8742955304243457;0.9828371473489008;0.535;-0.0416032640630143;-0.1046152427608613;0.0066635383354417;0.0052056953005535;70.60533833051426;65.25052484755054;-32.81830874539738;-18.20028375259787;-9.250483058461754;-4.551927576159983;-4.040059056018265;-2.796142298878266;-1.9194694345996977;-1.5176307656168433;93.60176914018987;91.46530340525652;79.87814738733769;71.05701715567919;89.70763896109804;90.89162937250866;83.70412056044476;54.78830335975332;49.23211480230082;48.966849499911966;60.84851865818706;46.06623863595508;18.253454493295067;2.793939951489504;58.83711703193421;36.94853437704013;3.9716857669568526;3.864878635451391;4.452297974408566;10.944291327447049;0.0;0.0;0.0;0.0;46;317;12;0;0;0;1;0;0;0;0;0;0;0;0;0;0;0;1;0;0;0;1;0;0;0
220;0.6778113122461948;0.9908454258855378;0.54;-0.0426470490119088;-0.1066224343490753;-0.0010437849488944;-0.002007191588214;71.51107641540331;65.95353059013217;9.238138033947545;2.9982272328969373;1.3474007358029212;0.9057380848890516;0.8545458142977651;0.7030057425816381;0.5540433591647087;0.467243493396893;94.74515016470332;94.04331332350112;85.97223682512399;79.32197600761006;87.68005118574439;89.70567976802245;88.66845400219366;64.12629696461362;55.98547638518266;47.97259360381707;65.17000455765951;47.75376479944189;21.547244202525235;6.544600801696651;61.90917701522949;45.26874858976991;3.293789709230168;3.7506608502071472;3.072059983295276;8.32021421272978;0.0;0.0;0.0;0.0;46;318;13;0;0;0;0;1;0;0;0;0;0;0;0;0;0;0;1;0;0;0;1;0;0;0
221;1.0;1.0;0.545;-0.0519636391619224;-0.1161227843211684;-0.0093165901500136;-0.009500349972093;75.22701622149361;68.88674877081318;19.432215585301748;9.618574439808851;5.20390890796196;3.715939806090304;3.5237049583780617;2.93321818068101;2.3323073371503327;1.9763026460295663;94.36943916687834;94.2387861572572;90.3480913145094;85.39949184232371;84.05902302947266;87.14890439210502;91.4017369512482;72.41785057248447;62.38129932370017;47.82173603362569;70.30123764701625;49.96541762847403;25.57026622311855;10.349733885981031;68.57472409702245;53.03740709218743;4.0230220205933165;3.80513308428438;6.665547081792965;7.768658502417516;0.0;0.0;0.0;0.0;47;321;16;1;0;0;0;0;0;0;0;0;0;0;0;0;0;0;1;0;0;0;0;1;0;0
222;1.0;1.0;0.545;-0.0523557144029914;-0.1175793926133546;-0.0003920752410689;-0.0014566082921861;75.85328363821095;69.38873844154762;1.7809906942445508;1.2834586701392965;0.8280927708875936;0.6262674167173401;0.5966476920299044;0.5019896707344316;0.4023027236580958;0.3423341866591443;96.24835405779544;95.12098112979236;92.73343547896724;89.68458787286689;85.65567348409338;85.79824923310348;94.62114107134764;79.73774017828363;69.0015274510506;48.549767181838725;76.12271790887426;52.73090324769281;28.729154287992287;14.025617966383283;72.5405338504288;59.53844934493456;3.158888064873736;3.675884080402252;3.9658097534063472;6.501042252747126;0.0;0.0;0.0;0.0;47;322;17;0;1;0;0;0;0;0;0;0;0;0;0;0;0;0;1;0;0;0;0;1;0;0
223;1.0;1.0;0.545;-0.0513746088280214;-0.1175353711237142;0.0009811055749699;4.402148964040287e-05;75.91374104437911;69.43560855015983;0.2451780431604504;0.1501548955167635;0.0862492501325391;0.0604574061681546;0.0570587450605302;0.0468701086122109;0.0369080058590043;0.0311561652772311;97.14647201740333;95.92142174735903;94.94788626331614;92.67647101893094;86.95090886782015;85.55520179379539;95.26806003013768;85.40607945693189;75.42887255486882;50.12472679035646;80.65898044058076;55.93410880028205;30.902999828414977;17.401094338789623;73.78587029052846;64.28758966013253;2.1738455404226897;3.3754763724063395;1.2453364400996634;4.74914031519797;0.0;0.0;0.0;0.0;47;323;18;0;0;1;0;0;0;0;0;0;0;0;0;0;0;0;1;0;0;0;0;1;0;0
224;0.7173994985330958;0.9886872006819648;0.54;-0.0466681743343238;-0.1140847981371853;0.0047064344936976;0.0034505729865288;71.55976426348104;67.04749365098633;-54.568160761026085;-27.244266339699397;-11.026303779034762;-4.353976780898066;-3.746859828180845;-2.3881148991735017;-1.5371185202285886;-1.1786444410898724;96.39595114046512;96.59692573855462;94.97350117558769;94.21827430595704;82.80363256198608;85.1367383046332;95.69205310318704;89.47025961753687;81.46742254106952;52.57955642576077;81.28071242593546;59.459802479718455;31.685208900501948;20.25791725113209;71.22300906224837;66.59939612750448;0.782209072086971;2.8568229123424658;-2.5628612282800987;2.311806467371952;0.0;0.0;-1.0;0.0;47;324;19;0;0;0;1;0;0;0;0;0;0;0;0;0;0;0;1;0;0;0;0;1;0;0
225;1.0;1.0;0.545;-0.0508484277017573;-0.1189766389356297;-0.0041802533674335;-0.0048918407984443;74.14943193575512;68.83941508303438;39.8942219521853;15.863320654853013;5.345993853526551;2.589667672274075;2.359095787260572;1.7919214320480563;1.3451803465521976;1.1136489592764391;95.97083614886566;96.50441976891136;95.6502148459034;95.19053409493574;79.22132489300482;82.99195544093702;95.66619768072732;92.14596619989804;86.30122464246325;55.60943999061771;80.21356441573876;62.46707819894509;32.820038459538864;22.770341492813444;71.36539636180805;68.18806287227234;1.1348295590369162;2.512424241681355;0.1423872995596866;1.5886667447678633;0.0;0.0;1.0;0.0;47;325;20;0;0;0;0;1;0;0;0;0;0;0;0;0;0;0;1;0;0;0;0;1;0;0
226;0.5754314812889281;0.9925891653056907;0.54;-0.0472878729058329;-0.1166560611971665;0.0035605547959244;0.0023205777384631;71.05892455668008;67.16934724992582;-27.68407933297672;-16.275778872367148;-7.635810884956328;-3.090507379075035;-2.65251890112836;-1.6700678331085612;-1.0603317413763165;-0.807037250356295;93.804700425623;95.3904959049846;94.32709728232967;94.98360443460696;66.22643226062942;76.08379657187344;95.6703729356116;93.85543082492188;89.68724674802819;59.07204306571922;76.76591746416427;64.9104082992827;32.96020753901735;24.808314702054226;68.82792426594165;68.40135000349545;0.1401690794784826;2.037973209240782;-2.5374720958664057;0.2132871312231117;0.0;0.0;-1.0;0.0;48;328;23;1;0;0;0;0;0;0;0;0;0;0;0;0;0;0;1;0;0;0;0;0;1;0
227;1.0;1.0;0.54;-0.0541032182032523;-0.1239776611340434;-0.0068153452974194;-0.0073215999368768;75.12192177314905;69.90771635543588;35.252725313513295;20.142508046088288;8.527528353678207;4.062997216468972;3.674056037423597;2.73836910551006;2.029889134286421;1.6722521304177604;95.34472837333966;95.04008831594278;95.11927419687376;95.0321954417023;73.8522969851252;73.10001804625314;96.31993372204168;94.94849935632874;92.49419386211764;62.70009191904571;76.741250801934;66.97175531488246;34.00028026465998;26.64670781457538;70.50288629324928;69.10186210008007;1.0400727256426308;1.8383931125211528;1.6749620273076289;0.7005120965846174;0.0;0.0;1.0;0.0;48;329;24;0;1;0;0;0;0;0;0;0;0;0;0;0;0;0;1;0;0;0;0;0;1;0
228;0.7049268401205592;0.9896109727159564;0.535;-0.049852310240586;-0.1208263816008736;0.0042509079626663;0.0031512795331697;70.554406838138;67.42520702216726;-31.580980661738398;-19.83670722508408;-10.52012893960675;-4.5675149350110615;-3.9342985689923182;-2.482509333268624;-1.5682009080683912;-1.1886294085970306;92.1414727456196;93.76363384819408;93.5416364257146;94.32933596830604;66.75410222558776;68.94427715711413;95.74372051145964;95.56878272207324;93.57272873135392;66.40198548684998;72.1130612991128;68.56203706728947;33.89241693273107;28.09584963820652;68.38800495316059;68.86390971777358;-0.107863331928911;1.4491418236311375;-2.1148813400886866;-0.2379523823064886;-1.0;0.0;-1.0;-1.0;48;330;25;0;0;1;0;0;0;0;0;0;0;0;0;0;0;0;1;0;0;0;0;0;1;0
229;0.6230882171924943;0.9904469257779966;0.54;-0.0491010570888423;-0.1209453953697089;0.0007512531517437;-0.0001190137688352;70.71558616975518;67.5251390646547;2.567335119588755;1.0903775025262377;0.4025955876412581;0.1611793316171912;0.1422010927762329;0.0999320424874383;0.07134872102678;0.0578907914066562;89.36951498922927;92.2852387027295;90.95175829409864;93.20422297222903;68.87207874881803;69.82615931984365;94.960329087115;95.61723815289712;94.79073507923133;70.23021216823774;67.0351375860581;69.73224536226523;33.46474055663043;29.1696278218913;65.93994540656468;67.88925494737062;-0.427676376100635;1.0737781836847835;-2.448059546595914;-0.9746547704029638;-0.6;0.0;-0.6;-0.6;48;331;26;0;0;0;1;0;0;0;0;0;0;0;0;0;0;0;1;0;0;0;0;0;1;0
230;0.9358552644640428;0.9983742099677506;0.54;-0.0505640754632868;-0.1231360036532242;-0.0014630183744445;-0.0021906082835153;72.33132957064296;68.51164629574184;22.296330888266034;10.72047284088648;4.077069404992002;1.61574340088778;1.4203339405356132;0.9865072310871454;0.6968112740410248;0.5623206104582934;83.89270696140171;88.46789823208353;88.78313704244084;91.09217725408472;54.96909757812037;63.531759517508725;94.5523765257984;95.51499765227724;94.91021827796804;74.01731194875913;64.40943885908924;70.63440837829054;33.156734557615664;29.967049169036173;64.5996853141421;66.79273173629446;-0.3080059990147674;0.7974213471448728;-1.340260092422568;-1.0965232110761605;-0.36;0.0;-0.36;-0.36;48;332;27;0;0;0;0;1;0;0;0;0;0;0;0;0;0;0;1;0;0;0;0;0;1;0
231;0.0;0.968105073529542;0.535;-0.0393517911518299;-0.1141199846492488;0.0112122843114569;0.0090160190039753;58.47278145315072;60.90386352962837;-62.981638350640935;-45.82967122401368;-28.803741041307973;-13.858548117492248;-12.00612995511836;-7.607782766113473;-4.7738048336643;-3.598373267300808;72.49593552819643;81.91938582627581;83.06555171781326;87.60014901811759;36.355633984287216;53.39893677040854;93.41062375777317;95.18907917436096;94.5513384304801;77.62552821799655;58.70868051648085;70.77535862971119;30.97802645516685;30.16924462626231;57.12899210198452;63.57148519152449;-2.178708102448809;0.2021954572261357;-7.470693212157585;-3.2212465447699685;-0.216;0.0;-0.216;-0.216;49;335;30;1;0;0;0;0;0;0;0;0;0;0;0;0;0;0;1;0;0;0;0;0;0;1
232;0.330434021569493;0.9781070260122552;0.54;-0.0411003103014552;-0.1169768976143452;-0.0017485191496253;-0.0028569129650964;61.23387402159853;62.39002561248484;28.98052655828655;17.0501222023419;7.652680386763663;2.761092568447808;2.3486580426016417;1.486162082856474;0.9816556981199938;0.7704099312970456;65.29622334066546;73.89495527675454;79.05431376929654;83.6343341765169;27.89671085732344;39.74048080657701;91.99515317976729;94.6646442456524;93.8306754302473;80.97393387571876;55.20725373049711;70.39831973652346;29.433359999343335;30.02206770087852;53.16171161466332;60.1015606659041;-1.544666455823517;-0.1471769253837926;-3.967280487321205;-3.469924525620385;-0.13;-1.0;-0.13;-0.13;49;336;1;0;1;0;0;0;0;0;0;0;0;0;0;0;0;0;0;1;1;0;0;0;0;0
233;0.0741665684992099;0.9703500315105984;0.535;-0.0373112876529386;-0.1146227923810065;0.0037890226485166;0.0023541052333387;57.876413217001264;60.470177127072816;-15.687352665063727;-9.644591738712762;-6.241266794744099;-3.35746080459726;-2.9475947558541837;-1.9198484854120248;-1.2203068213935353;-0.9233442786833024;55.77872403586443;64.52362763490878;71.36501308795899;77.82829285835628;17.453903350170332;27.235416063927;90.93756766879704;93.98852920753605;93.30397030220432;84.12192355428328;53.286871019270855;69.85820204802944;27.488069414303936;29.5152680435636;48.2876486853379;56.16359000571537;-1.9452905850394016;-0.5067996573149145;-4.874062929325419;-3.937970660188732;0.0;-0.6;0.0;0.0;49;337;2;0;0;1;0;0;0;0;0;0;0;0;0;0;0;0;0;1;1;0;0;0;0;0
234;0.0;0.9598062130135028;0.535;-0.0324742696223103;-0.1114350109234011;0.0048370180306282;0.0031877814576053;53.39917005076047;57.86373908078884;-14.261618550174548;-10.721639306399528;-7.776989893626798;-4.477243166240797;-3.955164899812552;-2.6064380462839765;-1.664049704463089;-1.26023172887637;45.24417714500267;55.43970817384419;62.681689264261735;71.03367204050578;24.5778671757284;23.30949379440739;87.35464478442906;92.70777364501996;91.83728925323535;86.68276733057276;51.400819937391255;68.87468886086742;25.107484238967345;28.633711282644352;42.43292964307102;51.58670321816726;-2.3805851753365914;-0.8815567609192492;-5.854719042266879;-4.576886787548112;0.0;-0.36;0.0;0.0;49;338;3;0;0;0;1;0;0;0;0;0;0;0;0;0;0;0;0;1;1;0;0;0;0;0
235;0.4026995554802139;0.9671759422730268;0.54;-0.0334883411561197;-0.1135426769116497;-0.0010140715338094;-0.0021076659882485;56.0713347121858;59.187878256820674;34.3922367757609;18.318657586336663;7.857875456594151;2.6721646614253274;2.2302050974720444;1.324139176031835;0.8259218118287066;0.630524101413755;34.102844826886745;45.04191533591794;53.79385901621159;62.61352045614412;28.72603469463941;23.585935073512715;85.22613807419047;91.2052618682672;90.48492929282506;88.69016947122454;49.82593767236626;67.4121674341067;23.33593431254735;27.574155888624954;39.28302090084617;47.48547577906023;-1.7715499264199934;-1.059555394019398;-3.149908742224852;-4.101227439107028;0.0;-0.216;0.0;0.0;49;339;4;0;0;0;0;1;0;0;0;0;0;0;0;0;0;0;0;1;1;0;0;0;0;0
236;0.0;0.952730378812535;0.54;-0.0279961751825283;-0.1089203180124893;0.0054921659735914;0.0046223588991604;49.77720681815014;55.50587451105194;-30.3294007817802;-17.782262605681858;-11.074283628587716;-6.294127894035654;-5.571262117872514;-3.682003745768732;-2.344921152088702;-1.7708158763874806;19.796228657825875;33.0477502099051;44.87859821266038;53.78471549771125;28.403720912316555;27.23587426089479;80.58225964437183;89.15125194787531;87.77129436574342;90.03086710798831;45.52512806533393;65.22662530242526;20.93776127831461;26.246876966562887;33.98062723165185;42.983859596590776;-2.398173034232741;-1.327278922062067;-5.302393669194316;-4.501616182469455;0.0;-0.13;0.0;0.0;50;342;7;1;0;0;0;0;0;0;0;0;0;0;0;0;0;0;0;1;0;1;0;0;0;0
237;1.0;0.9804294748202383;0.545;-0.0361037641339912;-0.1167934049779277;-0.0081075889514629;-0.0078730869654384;59.567739536326805;60.570925583946256;56.76231215784544;40.88413334281092;23.523573439538595;9.790532718176664;8.30976591499703;5.065051072894313;3.1719912372938595;2.4177008817778045;30.35414929518799;28.0844075933002;42.051294550608894;46.907917259826974;53.53794099125463;36.88923219940353;76.6709683749566;86.59676506918365;85.6116724503775;90.7582099576675;47.13551992603714;62.83209240852928;20.24736751897808;25.04697507704593;34.98226080601739;40.31665999973298;-0.6903937593365299;-1.1999018895169584;1.0016335743655418;-2.667199596857792;0.0;0.0;1.0;0.0;50;343;8;0;1;0;0;0;0;0;0;0;0;0;0;0;0;0;0;1;0;1;0;0;0;0
238;1.0;0.9818539782143;0.545;-0.0355568566955795;-0.1168406369348387;0.0005469074384116;-4.72319569110452e-05;60.01867363109312;60.81795621921555;1.624198708365569;1.3777791697076085;0.940061903440423;0.4509340947663105;0.3894233012566417;0.2470306352692972;0.1584044331745175;0.1218250514320615;39.390592339065016;29.846990097359622;38.808335526120615;41.91274276312998;66.01029355442331;49.31731848599818;73.70409832544742;83.78154715027995;83.5573610416103;90.90749127913467;49.59211541890998;60.56862119374176;19.549115319851357;23.947403125607018;35.220667115692095;38.61799570505269;-0.6982521991267276;-1.0995719514389108;0.2384063096747013;-1.6986642946802917;0.0;0.0;0.6;0.0;50;344;9;0;0;1;0;0;0;0;0;0;0;0;0;0;0;0;0;1;0;1;0;0;0;0
239;0.0;0.9515071620566614;0.545;-0.0248380794418227;-0.1072769862063317;0.0107187772537568;0.0095636507285069;47.35975367871488;53.17477398722596;-57.46241085155488;-37.8483290656992;-22.625845236878057;-12.658919952378234;-11.288674091560791;-7.643182231989591;-4.946672999378293;-3.754867537218431;42.94375216331232;37.5628312658551;35.04003147651662;38.633220517748725;69.28689673936289;62.94504376168029;66.3618976966545;80.11965350983527;79.17852543821087;90.39872705025952;46.26893154418507;58.144004560059344;17.215729108913138;22.601068322268244;29.274068549270623;35.503353319792005;-2.3333862109382157;-1.346334803338774;-5.946598566421471;-3.1146423852606877;0.0;0.0;-1.0;0.0;50;345;10;0;0;0;1;0;0;0;0;0;0;0;0;0;0;0;0;1;0;1;0;0;0;0
240;0.0;0.927353733161114;0.545;-0.0159744345783456;-0.0993253164097429;0.0088636448634771;0.0079516697965888;39.83644301842996;48.00384299224495;-10.845598167930774;-11.805872232592892;-10.167168869939989;-7.52331066028492;-6.963269628022907;-5.170930994981013;-3.560284898646572;-2.773138277861378;33.048264309305104;38.46086960389415;30.325807214811228;34.72472473914951;46.19381706527218;60.49700245301946;57.55030455169133;75.35004449310588;74.24393611024418;89.29563343327496;44.94645297740062;55.87118566814765;13.946944423888452;20.870243542592284;20.654475126907755;30.553727255497257;-3.268784685024684;-1.7308247796759595;-8.619593422362868;-4.949626064294748;0.0;0.0;-0.6;0.0;50;346;11;0;0;0;0;1;0;0;0;0;0;0;0;0;0;0;0;1;0;1;0;0;0;0
241;0.0;0.9264712846739382;0.54;-0.0151386152575428;-0.0984944186185354;0.0008358193208027;0.0008308977912075;39.57802855926223;47.82087469007257;-0.3496454371284034;-0.3785596781046187;-0.3331867047611752;-0.2584144591677315;-0.2411519144066787;-0.1829683021723767;-0.1278091861637449;-0.1001261886159738;22.337035015496824;32.776350496038084;29.166945232259184;31.51092797452903;29.431638810426342;48.30411753835381;50.17403538865644;70.03852886513836;68.76434008654273;87.60064387787675;40.56266315611776;53.28700083630364;11.181525386631163;18.93249991140006;14.68651482158839;25.264656444194305;-2.7654190372572884;-1.9377436311922231;-5.967960305319366;-5.2890708113029525;0.0;0.0;-0.36;0.0;51;349;14;1;0;0;0;0;0;0;0;0;0;0;0;0;0;0;0;1;0;0;1;0;0;0
242;0.0;0.9252170725162732;0.535;-0.0141800189127761;-0.0975913414406011;0.0009585963447667;0.0009030771779342;39.17173195127041;47.54350603332961;-0.8627549185578669;-0.754970327515327;-0.5721036821550882;-0.4062966079918197;-0.3752511316132469;-0.2773686567429649;-0.1900421570713675;-0.1475480904032196;23.430879060392886;26.272059461731605;30.17688988287948;29.889880776649985;28.40535992766748;34.676938601122;42.19268358773987;63.89089250993114;63.709410830965176;85.4675497421347;41.57749094986256;51.10588866850004;8.822841737650151;16.910568276650082;10.43192157709882;20.32041148849581;-2.358683648981014;-2.021931634749979;-4.25459324448957;-4.944244955698494;0.0;0.0;-0.216;0.0;51;350;15;0;1;0;0;0;0;0;0;0;0;0;0;0;0;0;0;1;0;0;1;0;0;0
243;0.1425233716411887;0.9289640247183182;0.535;-0.0148802012044846;-0.0982485282743991;-0.0007001822917084;-0.0006571868337979;41.200454595300776;48.50445724306242;33.89842144029342;13.74773633308893;5.47864811692504;2.028722644030367;1.6919480428153904;0.960951209732812;0.5534812094941444;0.4024614855346371;25.389000862421625;23.71897164610378;30.58634970340759;29.97672827284877;30.322243141176628;29.386413959756823;37.14119046742519;57.68502548465305;58.86172505589851;82.9011918833252;43.7190540993469;49.440454133734974;7.067376955826148;14.941930012485296;8.232154319881147;16.290992432290924;-1.7554647818240028;-1.9686382641647864;-2.1997672572176725;-4.029419056204887;0.0;0.0;-0.13;0.0;51;351;16;0;0;1;0;0;0;0;0;0;0;0;0;0;0;0;0;1;0;0;1;0;0;0
244;0.0;0.9180021344698014;0.535;-0.0107160337481482;-0.0943261913644243;0.0041641674563363;0.0039223369099747;37.125275246702806;45.857744849593445;-28.60374329769073;-12.651009452515986;-6.737218895205494;-4.07517934859797;-3.707348321702064;-2.646712393468974;-1.7699324130157876;-1.358496421445409;24.342487529727556;24.387455817514024;31.69790973832305;30.82038310820339;32.19740990179802;30.30833765688071;29.758776640054958;50.983283808238525;53.21487250750578;79.92295289972076;42.22150436548265;47.85560166990592;5.04669008737892;12.96288202746402;4.728013929783401;12.436666264788418;-2.0206868684472283;-1.9790479850212748;-3.5041403900977457;-3.8543261675025065;0.0;0.0;0.0;0.0;51;352;17;0;0;0;1;0;0;0;0;0;0;0;0;0;0;0;0;1;0;0;1;0;0;0
245;0.240107565640245;0.9206341672521884;0.54;-0.0111111479502904;-0.0944587917793955;-0.0003951142021422;-0.0001326004149711;38.76144375398021;46.61104328264794;21.422198510414912;10.819608508793769;4.521682839322367;1.6361685072774037;1.3563573397663689;0.7532984330544963;0.4229701991399253;0.3031085870488539;23.58736086193376;24.439616418027644;27.882764320904947;30.055674587545216;34.18629036796518;32.23531447031328;22.92966805649032;43.72979376981608;48.31688319096887;76.62049181118424;43.75583799167865;46.787541489562905;3.5416273489956893;11.078631091770356;2.9063561113923697;9.259896213656404;-1.505062738383231;-1.8842509356936643;-1.8216578183910317;-3.1767700511320136;0.0;0.0;0.0;0.0;51;353;18;0;0;0;0;1;0;0;0;0;0;0;0;0;0;0;0;1;0;0;1;0;0;0
246;0.0;0.855961678479893;0.54;0.0111641130704737;-0.0731387485743839;0.0222752610207641;0.0213200432050116;22.54440591508642;34.068265896321115;-32.05263558982354;-23.486940274096376;-19.05736734774577;-16.21703783889379;-15.48773158854886;-12.542777386326826;-9.158299849070133;-7.291170230735972;17.49960455261407;21.809817648091794;22.40926059680504;27.3299782186777;27.33473774258754;31.23947933745025;19.13151288480349;36.98259593955167;42.74670529072899;72.97163680121864;41.84010445100306;45.83274511245619;-1.009994652290061;8.660905942958273;-9.897218368916356;2.8741913527988183;-4.55162200128575;-2.4177251488120834;-12.803574480308724;-6.385704860857586;0.0;0.0;0.0;0.0;52;356;21;1;0;0;0;0;0;0;0;0;0;0;0;0;0;0;0;1;0;0;0;1;0;0
247;0.3853665825203697;0.8840943431657636;0.545;0.0016236817938866;-0.0812930031865865;-0.009540431276587;-0.0081542546122025;35.70794609768164;41.449235846513616;43.38434061895783;33.3888961166719;23.39116035908487;13.163540182595224;11.57471981115352;7.380969950192501;4.458709827358696;3.261023696267486;20.71801858151665;20.601661332021493;23.363259645149675;24.55176152095324;29.05284994163618;30.19129268406297;19.37073325653463;31.528371468814985;38.46051890411298;69.05424741564069;43.15992875442588;45.109392093538695;-3.1151081558355145;6.305703123199516;-12.72821196079758;-2.326609751733314;-2.1051135035454536;-2.355202819758757;-2.8309935918812243;-5.2008011045321325;0.0;0.0;0.0;0.0;52;357;22;0;1;0;0;0;0;0;0;0;0;0;0;0;0;0;0;1;0;0;0;1;0;0
248;0.547761408780748;0.8913867720391626;0.55;-0.0006112382111855;-0.0826564601612239;-0.0022349200050722;-0.0013634569746374;38.7438196678;43.223560584311926;10.12919593072455;7.414657547594601;5.165929785843559;3.035873570118355;2.696623464072786;1.7743247377983096;1.1008062326358328;0.8151961182405643;24.493285666666758;20.90363626693249;24.674647329915565;23.482389190623447;34.41681246983014;30.26813338468462;20.292396377280323;27.25956589576125;35.23321588296838;65.01109931776448;47.85827596400088;44.85635323829653;-4.353190414672326;4.173924415625148;-12.966659278634095;-5.873292927366908;-1.238082258836812;-2.131778707574368;-0.2384473178365169;-3.5466831756335937;0.0;0.0;0.0;0.0;52;358;23;0;0;1;0;0;0;0;0;0;0;0;0;0;0;0;0;1;0;0;0;1;0;0
249;0.9880296921093168;0.9198600176495272;0.555;-0.0095755896119138;-0.090183422607896;-0.0089643514007282;-0.007526962446672;49.26674328191058;49.64054542938333;26.061870979491676;22.43508351043019;16.842847275036156;10.522923614110582;9.447401451295027;6.416984845071404;4.089107763072789;3.0664991857544166;38.24995900000007;27.820421082727822;27.95589661540898;25.331267863491423;56.68727059674046;40.0523110027356;24.22484163009477;24.692731330383385;33.20876260891732;60.919944554628216;50.5867591667544;44.910697630752814;-3.806579131257422;2.577823706248634;-7.7683319550747;-6.504972603269506;0.5466112834149044;-1.5961007093765138;5.198327323559397;-0.631679675902598;1.0;0.0;1.0;0.0;53;363;28;1;0;0;0;0;0;0;0;0;0;0;0;0;0;0;0;1;0;0;0;0;1;0
250;1.0;0.930202739949237;0.555;-0.0124602779863519;-0.0920294408366681;-0.0028846883744381;-0.0018460182287721;52.594600813109054;51.77279260626193;5.363456367560275;5.859040469588152;4.924427862088649;3.3278575311984757;3.02566854480267;2.1322471768786;1.4011050828713325;1.066021739139522;48.1766356666667;36.97329344444451;32.128658298721;28.25306741468187;72.3435001162532;54.48252772760793;28.75897364557228;23.4952717844044;32.95008205649874;57.004143675396456;54.20884561395352;45.53096316993993;-2.802060807998032;1.5018468033993009;-2.4958824929249204;-5.168609233154645;1.00451832325939;-1.0759769028493331;5.27244946214978;1.336363370114861;0.6;0.0;0.6;1.0;53;364;29;0;1;0;0;0;0;0;0;0;0;0;0;0;0;0;0;1;0;0;0;0;1;0
