id;Date;Open;High;Low;Close
200;2016-10-17;1445.579956;1447.23999;1436.660034;1438.280029
201;2016-10-18;1441.430054;1459.939941;1441.430054;1458.630005
202;2016-10-19;1459.150024;1462.670044;1448.050049;1455.27002
203;2016-10-20;1456.119995;1467.849976;1449.380005;1465.839966
204;2016-10-21;1464.25;1472.060059;1458.630005;1464.849976
205;2016-10-24;1464.959961;1473.47998;1454.98999;1456.790039
206;2016-10-25;1456.98999;1461.099976;1449.890015;1451.27002
207;2016-10-26;1454.810059;1458.800049;1440.689941;1454.209961
208;2016-10-27;1455.709961;1459.609985;1445.569946;1456.550049
209;2016-10-28;1455.0;1461.189941;1443.069946;1459.359985
210;2016-10-31;1458.959961;1458.959961;1444.75;1446.349976
211;2016-11-01;1447.130005;1457.01001;1431.869995;1431.869995
212;2016-11-02;1431.369995;1431.369995;1416.5;1417.369995
213;2016-11-03;1417.339966;1429.76001;1413.910034;1421.01001
214;2016-11-04;1420.25;1420.25;1404.579956;1406.099976
215;2016-11-07;1407.880005;1434.170044;1407.880005;1431.77002
216;2016-11-08;1432.390015;1441.369995;1427.199951;1439.430054
217;2016-11-09;1430.910034;1458.959961;1391.810059;1456.709961
218;2016-11-10;1457.459961;1479.310059;1453.680054;1460.52002
219;2016-11-11;1461.73999;1470.52002;1449.660034;1451.530029
220;2016-11-14;1454.300049;1469.589966;1438.410034;1443.089966
221;2016-11-15;1445.5;1467.280029;1445.5;1466.459961
222;2016-11-16;1466.819946;1473.829956;1454.459961;1458.25
223;2016-11-17;1457.359985;1472.619995;1454.150024;1472.050049
224;2016-11-18;1473.25;1478.75;1467.699951;1476.469971
225;2016-11-21;1477.180054;1482.119995;1466.02002;1478.579956
226;2016-11-22;1479.140015;1490.290039;1478.619995;1485.050049
227;2016-11-23;1485.709961;1488.680054;1476.359985;1482.630005
228;2016-11-24;1483.329956;1487.719971;1479.180054;1484.329956
229;2016-11-25;1484.339966;1491.22998;1478.329956;1491.22998
230;2016-11-28;1491.060059;1491.060059;1469.880005;1472.680054
231;2016-11-29;1472.640015;1479.069946;1462.300049;1467.180054
232;2016-11-30;1467.030029;1484.02002;1466.790039;1481.140015
233;2016-12-01;1480.530029;1482.560059;1473.349976;1477.949951
234;2016-12-02;1477.920044;1477.920044;1461.660034;1470.079956
235;2016-12-05;1469.839966;1490.630005;1462.920044;1483.290039
236;2016-12-06;1483.75;1492.170044;1479.689941;1492.170044
237;2016-12-07;1493.180054;1503.97998;1493.180054;1503.949951
238;2016-12-08;1505.099976;1520.150024;1503.380005;1520.150024
239;2016-12-09;1519.160034;1538.380005;1514.160034;1534.27002
240;2016-12-12;1534.099976;1541.0;1529.290039;1537.930054
241;2016-12-13;1537.540039;1551.959961;1535.47998;1551.0
242;2016-12-14;1551.089966;1551.089966;1538.630005;1541.390015
243;2016-12-15;1541.390015;1551.140015;1532.099976;1550.52002
244;2016-12-16;1550.209961;1553.599976;1544.380005;1548.199951
245;2016-12-19;1548.040039;1552.550049;1542.030029;1542.709961
246;2016-12-20;1542.180054;1547.859985;1535.119995;1536.719971
247;2016-12-21;1535.560059;1537.349976;1521.640015;1525.469971
248;2016-12-22;1525.27002;1525.27002;1515.609985;1519.540039
249;2016-12-23;1519.349976;1528.420044;1519.280029;1525.800049
250;2016-12-27;1525.709961;1536.01001;1525.47998;1533.310059
251;2016-12-28;1532.859985;1532.859985;1526.290039;1527.300049
252;2016-12-29;1526.699951;1526.699951;1516.920044;1518.369995
253;2016-12-30;1518.339966;1522.060059;1511.280029;1517.199951
254;2017-01-02;1516.430054;1530.609985;1510.670044;1526.829956
255;2017-01-03;1527.25;1541.199951;1526.26001;1534.699951
256;2017-01-04;1535.160034;1538.77002;1527.589966;1530.930054
257;2017-01-05;1530.930054;1530.930054;1521.880005;1522.099976
258;2017-01-09;1522.22998;1525.380005;1504.069946;1509.819946
259;2017-01-10;1509.849976;1516.569946;1506.300049;1510.089966
260;2017-01-11;1508.709961;1517.75;1501.030029;1511.880005
261;2017-01-12;1511.910034;1513.23999;1499.579956;1503.310059
262;2017-01-13;1504.219971;1522.48999;1504.219971;1522.48999
263;2017-01-16;1518.27002;1518.27002;1511.069946;1512.969971
264;2017-01-17;1512.859985;1514.579956;1498.73999;1507.319946
265;2017-01-18;1508.050049;1515.98999;1503.109985;1515.98999
266;2017-01-19;1516.0;1521.920044;1508.47998;1513.920044
267;2017-01-20;1513.77002;1527.380005;1507.780029;1525.48999
268;2017-01-23;1524.369995;1524.369995;1503.050049;1504.689941
269;2017-01-24;1504.910034;1522.869995;1504.910034;1522.849976
270;2017-01-25;1523.98999;1545.98999;1523.98999;1545.98999
271;2017-01-26;1551.959961;1563.52002;1551.219971;1553.890015
272;2017-01-27;1553.790039;1553.790039;1536.77002;1538.76001
273;2017-01-30;1538.5;1538.5;1526.469971;1528.890015
274;2017-01-31;1528.630005;1548.140015;1528.630005;1536.75
275;2017-02-01;1537.469971;1554.150024;1537.469971;1547.310059
276;2017-02-02;1547.349976;1554.579956;1544.599976;1551.849976
277;2017-02-03;1552.099976;1559.130005;1550.109985;1557.310059
278;2017-02-06;1557.380005;1558.920044;1547.390015;1548.900024
279;2017-02-07;1549.26001;1560.709961;1545.72998;1550.939941
280;2017-02-08;1550.219971;1552.25;1540.030029;1549.23999
281;2017-02-09;1549.400024;1557.5;1545.689941;1557.5
282;2017-02-10;1559.219971;1568.209961;1556.660034;1562.72998
283;2017-02-13;1563.079956;1572.530029;1563.079956;1572.180054
284;2017-02-14;1572.359985;1573.109985;1563.73999;1569.75
285;2017-02-15;1570.76001;1577.72998;1568.170044;1574.02002
286;2017-02-16;1574.150024;1580.98999;1572.27002;1576.329956
287;2017-02-17;1576.060059;1578.910034;1566.469971;1570.589966
288;2017-02-20;1572.579956;1582.780029;1572.579956;1576.329956
289;2017-02-21;1576.560059;1592.75;1570.01001;1590.089966
290;2017-02-22;1589.199951;1593.880005;1578.550049;1582.130005
291;2017-02-23;1582.160034;1593.609985;1582.160034;1588.300049
292;2017-02-24;1587.810059;1589.51001;1563.040039;1569.859985
293;2017-02-27;1571.449951;1577.060059;1561.640015;1564.630005
294;2017-02-28;1564.859985;1572.72998;1561.589966;1570.170044
295;2017-03-01;1570.959961;1594.560059;1570.959961;1591.369995
296;2017-03-02;1591.319946;1594.459961;1578.27002;1580.530029
297;2017-03-03;1579.569946;1585.609985;1573.98999;1581.319946
298;2017-03-06;1581.290039;1581.290039;1571.060059;1575.52002
299;2017-03-07;1575.540039;1578.25;1567.589966;1575.77002
300;2017-03-08;1575.780029;1583.219971;1574.209961;1578.22998
301;2017-03-09;1577.75;1585.439941;1572.599976;1583.72998
302;2017-03-10;1584.089966;1595.0;1584.089966;1587.930054
303;2017-03-13;1587.880005;1599.829956;1586.01001;1594.709961
304;2017-03-14;1594.780029;1595.160034;1576.51001;1586.0
305;2017-03-15;1586.589966;1590.22998;1581.219971;1588.890015
306;2017-03-16;1591.130005;1603.060059;1585.599976;1593.25
307;2017-03-17;1593.939941;1593.939941;1578.469971;1584.969971
308;2017-03-20;1583.530029;1587.790039;1581.400024;1583.25
309;2017-03-21;1583.810059;1588.630005;1569.0;1570.880005
310;2017-03-22;1569.939941;1569.939941;1551.23999;1562.959961
311;2017-03-23;1563.640015;1581.569946;1560.839966;1581.280029
312;2017-03-24;1580.910034;1582.040039;1573.069946;1579.699951
313;2017-03-27;1578.310059;1578.310059;1556.449951;1574.51001
314;2017-03-28;1575.079956;1581.300049;1567.849976;1580.089966
315;2017-03-29;1580.530029;1587.079956;1576.390015;1584.430054
316;2017-03-30;1585.170044;1585.170044;1572.160034;1583.880005
317;2017-03-31;1583.660034;1590.52002;1570.219971;1587.630005
318;2017-04-03;1587.869995;1591.130005;1570.569946;1571.410034
319;2017-04-04;1571.300049;1578.619995;1564.280029;1567.300049
320;2017-04-05;1567.51001;1568.420044;1557.089966;1558.560059
321;2017-04-06;1558.430054;1564.069946;1543.699951;1564.050049
322;2017-04-07;1562.819946;1569.72998;1553.430054;1569.670044
323;2017-04-10;1569.800049;1572.609985;1566.050049;1572.469971
324;2017-04-11;1572.099976;1577.630005;1564.880005;1570.910034
325;2017-04-12;1571.02002;1585.449951;1571.02002;1575.02002
326;2017-04-13;1573.780029;1575.849976;1567.410034;1572.810059
327;2017-04-18;1574.349976;1576.709961;1553.069946;1557.209961
328;2017-04-19;1557.099976;1571.219971;1552.459961;1565.72998
329;2017-04-20;1565.719971;1571.670044;1560.930054;1568.73999
330;2017-04-21;1568.48999;1578.26001;1567.47998;1573.25
331;2017-04-24;1574.099976;1609.27002;1574.099976;1609.27002
332;2017-04-25;1609.589966;1620.640015;1606.890015;1617.050049
333;2017-04-26;1617.079956;1621.939941;1608.98999;1620.280029
334;2017-04-27;1617.349976;1620.73999;1614.569946;1616.579956
335;2017-04-28;1616.699951;1627.72998;1616.329956;1626.98999
336;2017-05-02;1626.98999;1636.51001;1626.030029;1636.51001
337;2017-05-03;1636.5;1636.5;1626.430054;1633.98999
338;2017-05-04;1635.689941;1640.709961;1632.910034;1638.329956
339;2017-05-05;1638.329956;1642.040039;1632.329956;1642.040039
340;2017-05-08;1642.060059;1645.800049;1629.689941;1639.48999
341;2017-05-09;1640.069946;1654.540039;1640.069946;1653.109985
342;2017-05-10;1652.140015;1652.140015;1642.079956;1649.650024
343;2017-05-11;1649.040039;1649.170044;1637.880005;1642.02002
344;2017-05-12;1643.829956;1647.280029;1640.790039;1646.449951
345;2017-05-15;1647.25;1650.72998;1644.73999;1649.839966
346;2017-05-16;1649.839966;1657.130005;1646.77002;1653.060059
347;2017-05-17;1653.060059;1653.060059;1624.550049;1628.369995
348;2017-05-18;1627.109985;1628.52002;1604.290039;1615.27002
349;2017-05-19;1616.140015;1631.810059;1616.140015;1629.209961
350;2017-05-22;1630.300049;1635.609985;1626.02002;1629.209961
351;2017-05-23;1629.180054;1641.77002;1628.790039;1641.709961
352;2017-05-24;1641.709961;1641.709961;1634.25;1638.890015
353;2017-05-26;1638.98999;1640.119995;1626.439941;1635.77002
354;2017-05-29;1635.77002;1636.02002;1629.829956;1631.910034
355;2017-05-30;1631.800049;1640.079956;1623.859985;1639.73999
356;2017-05-31;1639.73999;1650.26001;1635.290039;1639.109985
357;2017-06-01;1639.300049;1646.810059;1636.01001;1641.319946
358;2017-06-02;1644.209961;1656.02002;1644.209961;1646.670044
359;2017-06-05;1647.530029;1649.300049;1637.849976;1637.900024
360;2017-06-06;1647.5300300000001;1649.30005;1637.849976;1637.900024
361;2017-06-07;1637.449951;1648.469971;1630.680054;1640.540039
362;2017-06-08;1640.540039;1651.719971;1640.150024;1643.77002
363;2017-06-09;1643.77002;1656.089966;1642.199951;1654.800049
364;2017-06-12;1654.650024;1654.650024;1584.369995;1638.800049
365;2017-06-13;1638.800049;1653.52002;1638.800049;1648.609985
366;2017-06-14;1649.060059;1657.199951;1638.380005;1639.599976
367;2017-06-15;1641.52002;1641.52002;1616.219971;1624.969971
368;2017-06-16;1625.819946;1638.420044;1625.819946;1635.930054
369;2017-06-19;1636.780029;1655.079956;1636.780029;1653.400024
370;2017-06-20;1653.719971;1658.869995;1647.670044;1647.670044
371;2017-06-21;1647.670044;1647.670044;1631.339966;1641.709961
372;2017-06-22;1641.689941;1645.359985;1634.189941;1645.359985
373;2017-06-23;1641.689942;1645.359986;1634.189942;1645.359986
374;2017-06-26;1645.459961;1654.880005;1641.22998;1643.52002
375;2017-06-27;1643.52002;1643.52002;1628.540039;1628.540039
376;2017-06-28;1628.540039;1630.97998;1611.800049;1630.97998
377;2017-06-29;1630.97998;1643.719971;1612.390015;1613.219971
378;2017-06-30;1613.219971;1620.47998;1602.530029;1602.530029
379;2017-07-03;1602.699951;1628.550049;1602.699951;1627.410034
380;2017-07-04;1627.01001;1627.290039;1617.47998;1621.670044
381;2017-07-05;1621.709961;1629.27002;1614.219971;1627.209961
382;2017-07-06;1627.209961;1627.209961;1609.97998;1620.98999
383;2017-07-07;1620.959961;1623.170044;1614.640015;1617.0
384;2017-07-10;1617.0;1627.810059;1617.0;1624.810059
385;2017-07-11;1624.810059;1631.290039;1620.689941;1621.569946
386;2017-07-12;1621.569946;1650.699951;1621.569946;1650.589966
387;2017-07-13;1650.630005;1651.150024;1640.449951;1642.48999
388;2017-07-14;1643.069946;1649.829956;1641.410034;1646.829956
389;2017-07-17;1646.869995;1651.630005;1629.099976;1639.329956
390;2017-07-18;1639.329956;1639.349976;1605.369995;1607.359985
391;2017-07-19;1607.359985;1618.569946;1592.51001;1609.959961
392;2017-07-20;1601.319946;1612.52002;1593.150024;1597.839966
393;2017-07-21;1597.449951;1597.449951;1574.699951;1581.369995
394;2017-07-24;1581.369995;1583.609985;1566.880005;1566.880005
395;2017-07-25;1567.359985;1575.319946;1567.359985;1568.910034
396;2017-07-26;1568.810059;1581.52002;1565.02002;1580.219971
397;2017-07-27;1579.810059;1581.109985;1570.23999;1570.47998
398;2017-07-28;1570.47998;1570.790039;1550.650024;1557.560059
399;2017-07-31;1557.170044;1561.959961;1548.060059;1548.189941
400;2017-08-01;1548.189941;1569.560059;1548.189941;1566.310059
401;2017-08-02;1566.310059;1573.449951;1558.949951;1563.199951
402;2017-08-03;1563.170044;1567.050049;1554.449951;1559.660034
403;2017-08-04;1559.469971;1577.609985;1556.680054;1573.469971
404;2017-08-07;1573.469971;1578.880005;1569.430054;1575.469971
405;2017-08-08;1575.469971;1583.140015;1571.359985;1581.319946
406;2017-08-09;1581.319946;1581.319946;1562.77002;1571.199951
407;2017-08-10;1571.119995;1571.119995;1554.75;1554.75
408;2017-08-11;1554.75;1554.75;1535.650024;1538.959961
409;2017-08-14;1538.959961;1556.349976;1538.959961;1554.579956
410;2017-08-15;1554.579956;1560.5;1542.48999;1543.369995
411;2017-08-16;1543.369995;1556.550049;1543.369995;1552.160034
412;2017-08-17;1552.160034;1552.5;1538.719971;1540.089966
413;2017-08-18;1540.089966;1540.089966;1524.359985;1532.119995
414;2017-08-21;1532.119995;1532.119995;1519.219971;1524.25
415;2017-08-22;1524.25;1543.98999;1524.25;1543.76001
416;2017-08-23;1543.76001;1546.819946;1538.72998;1542.140015
417;2017-08-24;1542.140015;1546.859985;1537.98999;1537.98999
418;2017-08-25;1537.98999;1551.619995;1537.969971;1540.819946
419;2017-08-28;1540.819946;1543.800049;1532.430054;1536.880005
420;2017-08-29;1536.880005;1536.880005;1517.77002;1520.900024
421;2017-08-30;1520.900024;1537.880005;1520.900024;1535.959961
422;2017-08-31;1535.959961;1550.550049;1535.959961;1546.859985
423;2017-09-01;1546.859985;1560.869995;1546.859985;1558.790039
424;2017-09-04;1558.790039;1558.790039;1546.310059;1551.890015
425;2017-09-05;1551.890015;1555.849976;1545.099976;1546.98999
426;2017-09-06;1546.98999;1546.98999;1536.449951;1541.27002
427;2017-09-07;1541.27002;1553.869995;1537.73999;1553.02002
428;2017-09-08;1553.02002;1553.22998;1545.280029;1552.319946
429;2017-09-11;1552.780029;1573.339966;1552.780029;1572.160034
430;2017-09-12;1572.160034;1581.130005;1572.130005;1580.130005
431;2017-09-13;1580.130005;1580.900024;1575.76001;1580.040039
432;2017-09-14;1580.040039;1587.97998;1578.569946;1587.52002
433;2017-09-15;1587.52002;1591.319946;1577.290039;1578.869995
434;2017-09-18;1578.869995;1586.819946;1578.310059;1582.780029
435;2017-09-19;1582.780029;1586.219971;1580.76001;1584.430054
436;2017-09-20;1584.430054;1588.47998;1581.900024;1585.380005
437;2017-09-21;1585.380005;1597.560059;1585.380005;1596.310059
438;2017-09-22;1595.910034;1600.77002;1591.699951;1600.77002
439;2017-09-25;1600.77002;1608.48999;1598.839966;1604.099976
440;2017-09-26;1604.099976;1614.119995;1601.859985;1610.76001
441;2017-09-27;1610.76001;1627.689941;1610.76001;1623.77002
442;2017-09-28;1624.569946;1627.310059;1618.849976;1624.97998
443;2017-09-29;1624.97998;1637.819946;1620.969971;1637.819946
444;2017-10-02;1637.819946;1641.650024;1634.689941;1640.650024
445;2017-10-03;1640.650024;1650.459961;1640.650024;1649.180054
446;2017-10-04;1649.180054;1651.72998;1645.569946;1651.089966
447;2017-10-05;1651.089966;1655.969971;1646.329956;1653.150024
448;2017-10-06;1653.150024;1655.170044;1643.199951;1646.280029
449;2017-10-09;1646.280029;1653.76001;1646.280029;1647.920044
450;2017-10-10;1647.920044;1651.130005;1642.209961;1644.339966
451;2017-10-11;1644.339966;1647.219971;1638.219971;1641.699951
452;2017-10-12;1642.290039;1649.420044;1637.800049;1644.650024
453;2017-10-13;1644.650024;1644.839966;1638.619995;1642.48999
454;2017-10-16;1642.48999;1644.189941;1637.369995;1638.329956
455;2017-10-17;1638.329956;1641.300049;1636.089966;1636.939941
456;2017-10-18;1636.939941;1648.699951;1634.209961;1644.72998
457;2017-10-19;1644.72998;1647.319946;1635.459961;1646.959961
458;2017-10-20;1646.959961;1671.410034;1646.680054;1667.5
459;2017-10-23;1667.5;1669.420044;1660.800049;1661.540039
460;2017-10-24;1661.540039;1661.540039;1644.72998;1650.469971
461;2017-10-25;1650.469971;1657.420044;1642.189941;1649.73999
462;2017-10-26;1649.73999;1659.650024;1641.280029;1658.790039
463;2017-10-27;1659.040039;1666.069946;1658.790039;1665.02002
464;2017-10-30;1665.02002;1667.26001;1659.459961;1662.319946
465;2017-10-31;1662.319946;1675.609985;1662.319946;1671.630005
466;2017-11-01;1671.630005;1681.130005;1671.319946;1672.030029
467;2017-11-02;1672.030029;1674.77002;1665.420044;1672.780029
468;2017-11-03;1672.780029;1678.449951;1672.780029;1677.650024
469;2017-11-06;1677.359985;1681.75;1671.599976;1676.140015
470;2017-11-07;1676.27002;1681.6700440000002;1669.97998;1670.23999
471;2017-11-08;1670.23999;1672.76001;1657.130005;1662.98999
472;2017-11-09;1662.98999;1662.98999;1641.189941;1643.26001
473;2017-11-10;1643.26001;1646.150024;1634.219971;1634.680054
474;2017-11-13;1634.680054;1634.869995;1618.459961;1630.51001
475;2017-11-14;1630.51001;1635.550049;1623.089966;1628.47998
476;2017-11-15;1628.47998;1628.47998;1612.48999;1627.0
477;2017-11-16;1627.170044;1636.959961;1624.890015;1633.660034
478;2017-11-17;1633.660034;1633.939941;1613.900024;1617.699951
479;2017-11-20;1617.699951;1626.02002;1607.77002;1623.540039
480;2017-11-21;1623.540039;1639.920044;1618.650024;1636.650024
481;2017-11-22;1636.650024;1637.98999;1617.52002;1617.52002
482;2017-11-23;1616.640015;1616.790039;1607.640015;1612.569946
483;2017-11-24;1612.569946;1620.25;1606.599976;1614.619995
484;2017-11-27;1614.619995;1618.849976;1607.150024;1608.73999
485;2017-11-28;1608.73999;1622.109985;1608.310059;1620.810059
486;2017-11-29;1621.079956;1628.76001;1613.560059;1613.560059
487;2017-11-30;1613.560059;1624.469971;1609.099976;1610.109985
488;2017-12-01;1609.25;1611.069946;1592.199951;1592.199951
489;2017-12-04;1595.589966;1624.050049;1595.589966;1616.800049
490;2017-12-05;1616.619995;1620.449951;1607.030029;1613.359985
491;2017-12-06;1609.209961;1609.209961;1591.25;1595.439941
492;2017-12-07;1596.280029;1606.939941;1594.77002;1599.290039
493;2017-12-08;1599.569946;1621.380005;1599.569946;1610.819946
494;2017-12-11;1610.930054;1627.939941;1610.930054;1619.469971
495;2017-12-12;1620.790039;1625.050049;1612.969971;1623.75
496;2017-12-13;1623.75;1624.319946;1584.530029;1619.819946
497;2017-12-14;1618.01001;1622.079956;1609.599976;1609.599976
498;2017-12-15;1609.390015;1610.589966;1585.790039;1594.349976
499;2017-12-18;1593.709961;1616.26001;1593.709961;1615.630005
500;2017-12-19;1615.47998;1620.569946;1610.619995;1611.430054
501;2017-12-20;1611.869995;1613.689941;1597.420044;1600.290039
502;2017-12-21;1599.98999;1616.97998;1593.26001;1616.27002
503;2017-12-22;1615.97998;1616.219971;1602.109985;1606.25
504;2017-12-27;1606.359985;1613.76001;1589.780029;1594.98999
505;2017-12-28;1594.949951;1594.949951;1584.25;1588.51001
506;2017-12-29;1588.560059;1591.579956;1573.560059;1576.939941
507;2018-01-02;1577.079956;1583.380005;1573.76001;1579.819946
508;2018-01-03;1580.209961;1591.099976;1577.609985;1587.560059
509;2018-01-04;1587.880005;1606.709961;1587.880005;1603.670044
510;2018-01-05;1604.079956;1611.310059;1604.079956;1611.310059
511;2018-01-08;1612.97998;1622.410034;1612.97998;1619.130005
512;2018-01-09;1618.900024;1633.959961;1618.900024;1632.290039
513;2018-01-10;1631.780029;1631.910034;1621.849976;1629.290039
514;2018-01-11;1629.75;1632.900024;1620.52002;1630.290039
515;2018-01-12;1630.98999;1634.579956;1621.23999;1628.400024
516;2018-01-15;1628.400024;1630.219971;1622.930054;1627.290039
517;2018-01-16;1626.800049;1630.01001;1620.459961;1623.329956
518;2018-01-17;1623.050049;1629.670044;1614.459961;1622.849976
519;2018-01-18;1623.189941;1630.540039;1619.880005;1624.780029
520;2018-01-19;1624.119995;1631.630005;1623.630005;1630.619995
521;2018-01-22;1631.150024;1639.050049;1628.699951;1635.469971
522;2018-01-23;1636.77002;1647.689941;1636.77002;1643.709961
523;2018-01-24;1644.23999;1645.060059;1629.97998;1631.199951
524;2018-01-25;1630.0;1630.0;1600.890015;1604.48999
525;2018-01-26;1606.609985;1614.599976;1601.72998;1612.630005
526;2018-01-29;1611.900024;1620.459961;1608.51001;1610.400024
527;2018-01-30;1609.699951;1612.23999;1602.290039;1603.310059
528;2018-01-31;1605.430054;1613.160034;1592.390015;1593.150024
529;2018-02-01;1596.0;1610.27002;1596.0;1601.839966
530;2018-02-02;1601.77002;1602.02002;1581.040039;1584.790039
531;2018-02-05;1581.689941;1581.689941;1545.560059;1546.329956
532;2018-02-06;1535.280029;1535.280029;1487.949951;1511.599976
533;2018-02-07;1513.569946;1555.290039;1513.569946;1551.150024
534;2018-02-08;1550.439941;1550.439941;1519.77002;1519.77002
535;2018-02-09;1518.689941;1523.449951;1499.73999;1500.180054
536;2018-02-12;1501.5;1531.859985;1501.5;1521.619995
537;2018-02-13;1522.140015;1527.170044;1513.22998;1513.27002
538;2018-02-14;1516.329956;1533.699951;1503.369995;1532.150024
539;2018-02-15;1533.300049;1550.280029;1533.300049;1542.719971
540;2018-02-16;1545.459961;1557.290039;1545.459961;1556.930054
541;2018-02-19;1558.369995;1562.459961;1549.01001;1550.859985
542;2018-02-20;1550.910034;1570.359985;1550.910034;1569.680054
543;2018-02-21;1569.319946;1577.73999;1557.709961;1575.119995
544;2018-02-22;1573.369995;1575.160034;1556.5;1573.880005
545;2018-02-23;1574.51001;1580.140015;1567.949951;1577.109985
546;2018-02-26;1578.869995;1591.589966;1578.869995;1586.959961
547;2018-02-27;1588.209961;1595.349976;1583.52002;1588.22998
548;2018-02-28;1586.859985;1594.51001;1580.949951;1583.390015
549;2018-03-01;1583.22998;1583.22998;1560.560059;1560.560059
550;2018-03-02;1559.5;1559.5;1525.369995;1526.459961
551;2018-03-05;1525.800049;1548.030029;1524.26001;1547.939941
552;2018-03-06;1551.199951;1569.75;1551.199951;1559.939941
553;2018-03-07;1558.5;1564.199951;1548.01001;1564.189941
554;2018-03-08;1564.180054;1586.219971;1564.180054;1585.530029
555;2018-03-09;1586.030029;1592.77002;1580.380005;1589.619995
556;2018-03-12;1590.880005;1602.26001;1589.170044;1593.829956
557;2018-03-13;1593.880005;1603.339966;1575.22998;1578.150024
558;2018-03-14;1578.630005;1598.349976;1578.630005;1585.310059
559;2018-03-15;1586.060059;1592.280029;1580.189941;1592.280029
560;2018-03-16;1592.48999;1593.430054;1572.579956;1573.47998
561;2018-03-19;1573.27002;1573.27002;1545.780029;1547.410034
562;2018-03-20;1548.880005;1556.069946;1542.300049;1551.969971
563;2018-03-21;1552.420044;1553.180054;1543.26001;1549.699951
564;2018-03-22;1547.619995;1547.619995;1508.859985;1515.839966
565;2018-03-23;1513.469971;1520.660034;1493.119995;1513.180054
566;2018-03-26;1513.420044;1519.790039;1493.800049;1496.589966
567;2018-03-27;1496.719971;1517.550049;1495.079956;1510.109985
568;2018-03-28;1506.319946;1512.130005;1484.140015;1512.130005
569;2018-03-29;1513.189941;1537.25;1513.189941;1535.349976
570;2018-04-03;1533.199951;1533.199951;1504.069946;1508.800049
571;2018-04-04;1509.300049;1511.689941;1482.219971;1494.650024
572;2018-04-05;1500.060059;1527.439941;1500.060059;1527.219971
573;2018-04-06;1526.430054;1526.430054;1508.849976;1511.369995
574;2018-04-09;1513.23999;1527.560059;1502.449951;1511.319946
575;2018-04-10;1513.109985;1526.98999;1513.109985;1526.76001
576;2018-04-11;1526.469971;1526.469971;1498.800049;1504.709961
577;2018-04-12;1505.76001;1520.849976;1503.859985;1518.880005
578;2018-04-13;1520.560059;1534.040039;1517.410034;1526.660034
579;2018-04-16;1526.689941;1533.73999;1524.219971;1526.27002
580;2018-04-17;1528.530029;1548.5;1528.530029;1545.160034
581;2018-04-18;1545.160034;1553.880005;1542.969971;1552.47998
582;2018-04-19;1551.719971;1563.829956;1551.719971;1558.22998
583;2018-04-20;1558.400024;1576.97998;1556.890015;1572.579956
584;2018-04-23;1572.959961;1587.650024;1570.839966;1587.650024
585;2018-04-24;1587.050049;1593.099976;1571.410034;1575.400024
586;2018-04-25;1574.02002;1574.02002;1543.26001;1557.290039
587;2018-04-26;1557.459961;1575.22998;1552.02002;1573.76001
588;2018-04-27;1574.449951;1583.109985;1571.48999;1580.780029
589;2018-04-30;1581.719971;1582.199951;1568.680054;1570.709961
590;2018-05-02;1574.880005;1592.119995;1574.880005;1590.969971
591;2018-05-03;1591.050049;1591.050049;1564.75;1566.959961
592;2018-05-04;1567.400024;1577.819946;1565.609985;1577.079956
593;2018-05-07;1577.540039;1600.449951;1577.150024;1597.930054
594;2018-05-08;1598.369995;1608.939941;1591.319946;1608.939941
595;2018-05-09;1608.640015;1623.040039;1603.060059;1616.800049
596;2018-05-11;1616.670044;1619.790039;1601.119995;1603.25
597;2018-05-14;1603.689941;1607.400024;1593.660034;1598.579956
598;2018-05-15;1597.829956;1608.469971;1593.160034;1606.719971
599;2018-05-16;1606.699951;1606.699951;1593.25;1602.27002
600;2018-05-17;1602.280029;1618.949951;1602.280029;1618.949951
601;2018-05-18;1618.119995;1627.130005;1617.859985;1621.609985
602;2018-05-21;1622.180054;1634.76001;1622.180054;1626.25
603;2018-05-22;1627.22998;1632.300049;1617.150024;1624.439941
604;2018-05-23;1621.900024;1621.900024;1597.76001;1602.099976
605;2018-05-24;1602.119995;1612.780029;1588.030029;1593.569946
606;2018-05-25;1594.569946;1603.040039;1584.910034;1586.97998
607;2018-05-28;1589.01001;1598.349976;1577.430054;1581.52002
608;2018-05-29;1579.5;1579.5;1554.939941;1572.300049
609;2018-05-30;1572.449951;1574.650024;1559.660034;1562.540039
610;2018-05-31;1563.689941;1572.420044;1544.829956;1549.939941
611;2018-06-01;1549.939941;1573.359985;1549.550049;1569.51001
612;2018-06-04;1570.48999;1578.469971;1561.72998;1564.72998
613;2018-06-05;1564.430054;1572.119995;1559.050049;1559.050049
614;2018-06-06;1564.430055;1572.1199960000001;1559.050049;1559.050049
615;2018-06-07;1563.01001;1575.73999;1551.310059;1555.650024
616;2018-06-08;1554.959961;1562.359985;1542.089966;1555.869995
617;2018-06-11;1557.680054;1571.22998;1555.790039;1571.180054
618;2018-06-12;1573.01001;1577.040039;1566.709961;1572.27002
619;2018-06-13;1573.099976;1575.469971;1563.540039;1571.069946
620;2018-06-14;1571.449951;1591.660034;1559.400024;1588.0
621;2018-06-15;1587.640015;1587.640015;1570.420044;1570.430054
622;2018-06-18;1569.640015;1569.640015;1550.410034;1561.650024
623;2018-06-19;1559.98999;1565.619995;1542.380005;1564.869995
624;2018-06-20;1564.150024;1582.27002;1564.01001;1572.290039
625;2018-06-21;1572.189941;1576.959961;1548.339966;1549.550049
626;2018-06-22;1572.189942;1576.959962;1548.339967;1549.55005
627;2018-06-25;1548.959961;1553.119995;1534.47998;1534.650024
628;2018-06-26;1534.699951;1539.400024;1526.300049;1529.22998
629;2018-06-27;1528.930054;1550.140015;1514.609985;1540.880005
630;2018-06-28;1539.780029;1543.23999;1521.23999;1531.660034
631;2018-06-29;1534.900024;1560.73999;1534.900024;1558.880005
632;2018-07-02;1557.459961;1557.459961;1533.97998;1540.859985
633;2018-07-03;1542.160034;1548.790039;1537.300049;1538.400024
634;2018-07-04;1537.880005;1538.030029;1521.599976;1522.339966
635;2018-07-05;1522.73999;1536.050049;1521.199951;1526.599976
636;2018-07-06;1526.859985;1535.699951;1511.829956;1524.170044
637;2018-07-09;1525.550049;1541.609985;1525.550049;1541.060059
638;2018-07-10;1541.280029;1551.369995;1540.829956;1548.380005
639;2018-07-11;1547.209961;1547.209961;1524.75;1526.290039
640;2018-07-12;1528.01001;1544.180054;1523.069946;1541.52002
641;2018-07-13;1542.52002;1554.170044;1542.52002;1550.880005
642;2018-07-16;1551.23999;1555.109985;1544.560059;1552.75
643;2018-07-17;1554.890015;1566.75;1550.839966;1556.609985
644;2018-07-18;1557.969971;1572.630005;1557.969971;1570.420044
645;2018-07-19;1571.150024;1589.810059;1571.150024;1584.339966
646;2018-07-20;1582.300049;1589.890015;1569.5;1579.400024
647;2018-07-23;1578.97998;1584.939941;1573.790039;1580.5
648;2018-07-24;1582.319946;1605.400024;1582.319946;1601.380005
649;2018-07-25;1601.349976;1605.280029;1593.040039;1593.27002
650;2018-07-26;1595.02002;1609.650024;1595.02002;1608.800049
651;2018-07-27;1609.709961;1615.390015;1607.630005;1612.76001
652;2018-07-30;1613.47998;1615.400024;1606.650024;1611.069946
653;2018-07-31;1610.5;1619.109985;1610.5;1615.599976
654;2018-08-01;1616.109985;1622.089966;1611.47998;1612.540039
655;2018-08-02;1611.26001;1611.26001;1592.540039;1598.060059
656;2018-08-03;1599.410034;1614.859985;1599.410034;1611.949951
657;2018-08-06;1612.51001;1616.290039;1603.819946;1608.47998
658;2018-08-07;1610.52002;1621.26001;1610.52002;1619.890015
659;2018-08-08;1619.910034;1624.099976;1614.72998;1622.630005
660;2018-08-09;1622.930054;1631.73999;1618.719971;1631.22998
661;2018-08-10;1627.439941;1627.439941;1613.390015;1616.819946
662;2018-08-13;1615.380005;1616.339966;1607.810059;1611.800049
663;2018-08-14;1612.310059;1621.609985;1603.349976;1608.560059
664;2018-08-15;1609.400024;1619.160034;1592.050049;1593.589966
665;2018-08-16;1595.839966;1612.52002;1595.839966;1611.329956
666;2018-08-17;1610.920044;1623.219971;1608.930054;1622.709961
667;2018-08-20;1623.689941;1632.650024;1620.670044;1630.920044
668;2018-08-21;1631.060059;1640.449951;1630.75;1637.599976
669;2018-08-22;1637.449951;1645.400024;1635.449951;1643.459961
670;2018-08-23;1643.410034;1649.23999;1642.23999;1643.709961
671;2018-08-24;1643.410034;1648.430054;1642.869995;1646.869995
672;2018-08-27;1647.380005;1665.180054;1647.380005;1665.099976
673;2018-08-28;1665.839966;1671.439941;1665.72998;1671.150024
674;2018-08-29;1671.51001;1679.5100100000002;1669.77002;1677.219971
675;2018-08-30;1676.819946;1678.050049;1670.060059;1672.560059
676;2018-08-31;1671.410034;1671.410034;1658.160034;1658.160034
677;2018-09-03;1657.670044;1664.469971;1656.939941;1660.140015
678;2018-09-04;1660.640015;1663.219971;1638.51001;1645.949951
679;2018-09-05;1645.290039;1645.290039;1631.73999;1631.73999
680;2018-09-06;1631.359985;1646.959961;1627.75;1632.420044
681;2018-09-07;1632.670044;1634.800049;1610.719971;1618.199951
682;2018-09-10;1617.72998;1629.47998;1613.459961;1624.25
683;2018-09-11;1624.839966;1625.859985;1609.390015;1620.390015
684;2018-09-12;1620.77002;1631.119995;1614.300049;1618.810059
685;2018-09-13;1618.939941;1628.869995;1616.810059;1621.849976
686;2018-09-14;1623.26001;1634.73999;1622.839966;1634.73999
687;2018-09-17;1633.680054;1644.790039;1624.640015;1640.599976
688;2018-09-18;1640.01001;1640.709961;1616.040039;1625.449951
689;2018-09-19;1626.5;1637.910034;1626.5;1630.5
690;2018-09-20;1630.180054;1646.23999;1629.619995;1645.839966
691;2018-09-21;1647.630005;1663.339966;1647.569946;1662.319946
692;2018-09-24;1661.660034;1661.660034;1652.839966;1655.01001
693;2018-09-25;1654.780029;1658.900024;1650.380005;1656.709961
694;2018-09-26;1656.670044;1658.829956;1648.27002;1658.290039
695;2018-09-27;1657.319946;1676.890015;1649.47998;1676.369995
696;2018-09-28;1674.880005;1674.910034;1654.199951;1662.359985
697;2018-10-01;1662.709961;1670.349976;1657.079956;1667.449951
698;2018-10-02;1665.900024;1665.900024;1650.579956;1656.900024
699;2018-10-03;1658.76001;1677.329956;1658.72998;1665.140015
700;2018-10-04;1664.47998;1664.800049;1643.560059;1648.959961
701;2018-10-05;1649.209961;1649.609985;1633.680054;1634.859985
702;2018-10-08;1634.449951;1634.449951;1620.819946;1621.189941
703;2018-10-09;1619.75;1625.77002;1607.819946;1624.48999
704;2018-10-10;1625.969971;1626.189941;1591.930054;1595.130005
705;2018-10-11;1591.560059;1591.560059;1547.150024;1550.410034
706;2018-10-12;1551.140015;1565.540039;1536.459961;1536.459961
707;2018-10-15;1536.560059;1539.819946;1521.319946;1536.099976
708;2018-10-16;1535.060059;1554.160034;1526.670044;1554.160034
709;2018-10-17;1554.930054;1562.780029;1544.98999;1548.27002
710;2018-10-18;1553.199951;1558.609985;1542.420044;1543.869995
711;2018-10-19;1545.98999;1546.920044;1510.689941;1531.660034
712;2018-10-22;1533.02002;1545.359985;1523.459961;1526.050049
713;2018-10-23;1523.27002;1523.27002;1499.640015;1508.880005
714;2018-10-24;1511.560059;1523.069946;1500.23999;1501.469971
715;2018-10-25;1500.099976;1511.329956;1487.680054;1506.02002
716;2018-10-26;1504.459961;1504.459961;1473.790039;1485.27002
717;2018-10-29;1485.859985;1517.719971;1485.859985;1503.140015
718;2018-10-30;1504.180054;1516.0;1495.869995;1516.0
719;2018-10-31;1519.780029;1544.97998;1519.780029;1538.219971
720;2018-11-01;1537.719971;1541.810059;1525.079956;1531.26001
721;2018-11-02;1537.689941;1551.790039;1537.689941;1551.390015
722;2018-11-05;1550.660034;1550.660034;1534.689941;1539.01001
723;2018-11-06;1538.969971;1541.869995;1529.400024;1534.599976
724;2018-11-07;1535.23999;1547.420044;1535.060059;1538.689941
725;2018-11-08;1540.680054;1549.73999;1534.949951;1536.790039
726;2018-11-09;1535.099976;1535.25;1528.579956;1530.51001
727;2018-11-12;1531.290039;1537.98999;1513.47998;1514.589966
728;2018-11-13;1514.910034;1527.290039;1505.199951;1520.26001
729;2018-11-14;1518.680054;1518.680054;1496.859985;1502.449951
730;2018-11-15;1503.0;1510.069946;1482.52002;1489.790039
731;2018-11-16;1490.410034;1505.73999;1489.290039;1499.430054
732;2018-11-19;1500.060059;1509.140015;1481.900024;1482.48999
733;2018-11-20;1480.300049;1480.300049;1447.969971;1456.849976
734;2018-11-21;1456.849976;1478.439941;1456.849976;1478.439941
735;2018-11-22;1478.349976;1478.349976;1465.219971;1466.390015
736;2018-11-23;1465.790039;1477.650024;1465.040039;1477.349976
737;2018-11-26;1480.119995;1498.26001;1480.119995;1498.26001
738;2018-11-27;1499.180054;1505.069946;1490.76001;1496.410034
739;2018-11-28;1497.23999;1505.73999;1493.119995;1500.449951
740;2018-11-29;1501.650024;1518.619995;1501.650024;1515.380005
741;2018-11-30;1515.650024;1519.180054;1509.219971;1514.630005
742;2018-12-03;1523.880005;1544.390015;1523.880005;1529.780029
743;2018-12-04;1528.550049;1528.719971;1506.430054;1506.430054
744;2018-12-05;1502.369995;1502.369995;1478.910034;1478.959961
745;2018-12-06;1477.900024;1477.900024;1436.660034;1436.660034
746;2018-12-07;1438.910034;1468.280029;1438.910034;1454.030029
747;2018-12-10;1449.709961;1453.22998;1435.550049;1435.550049
748;2018-12-11;1436.670044;1473.660034;1436.670044;1465.290039
749;2018-12-12;1465.780029;1494.209961;1465.540039;1494.209961
750;2018-12-13;1494.369995;1497.310059;1476.800049;1478.75
751;2018-12-14;1477.27002;1481.719971;1458.650024;1471.670044
752;2018-12-17;1471.680054;1471.680054;1450.359985;1451.949951
753;2018-12-18;1450.72998;1457.150024;1443.079956;1447.790039
754;2018-12-19;1447.290039;1455.839966;1444.719971;1450.109985
755;2018-12-20;1446.829956;1446.829956;1419.01001;1419.01001
756;2018-12-21;1418.339966;1418.469971;1397.98999;1408.339966
757;2018-12-27;1409.98999;1420.5;1378.420044;1384.589966
758;2018-12-28;1387.52002;1416.099976;1387.52002;1408.73999
759;2019-01-02;1407.650024;1410.48999;1378.199951;1405.849976
760;2019-01-03;1403.800049;1407.859985;1390.650024;1393.52002
761;2019-01-04;1395.280029;1437.859985;1395.280029;1435.290039
762;2019-01-07;1437.73999;1446.150024;1433.619995;1439.930054
763;2019-01-08;1440.73999;1464.02002;1440.050049;1457.469971
764;2019-01-09;1458.050049;1475.949951;1458.050049;1470.51001
765;2019-01-10;1469.050049;1472.73999;1454.900024;1470.689941
766;2019-01-11;1470.140015;1478.640015;1460.719971;1465.430054
767;2019-01-14;1462.619995;1462.619995;1454.650024;1458.130005
768;2019-01-15;1459.920044;1471.930054;1451.22998;1455.47998
769;2019-01-16;1456.469971;1472.810059;1455.439941;1468.849976
770;2019-01-17;1468.189941;1476.640015;1458.790039;1473.890015
771;2019-01-18;1474.619995;1499.790039;1474.619995;1499.790039
772;2019-01-21;1499.880005;1501.280029;1487.670044;1493.76001
773;2019-01-22;1492.719971;1496.890015;1480.280029;1486.319946
774;2019-01-23;1485.900024;1486.800049;1473.459961;1478.719971
775;2019-01-24;1479.420044;1489.699951;1478.189941;1488.400024
776;2019-01-25;1487.699951;1505.719971;1487.699951;1501.119995
777;2019-01-28;1501.150024;1505.579956;1489.439941;1491.01001
778;2019-01-29;1491.380005;1506.0;1485.52002;1502.719971
779;2019-01-30;1501.880005;1510.930054;1497.449951;1509.5
780;2019-01-31;1510.51001;1526.130005;1507.25;1515.420044
781;2019-02-01;1515.780029;1528.290039;1514.930054;1525.689941
782;2019-02-04;1526.890015;1529.380005;1520.219971;1527.189941
783;2019-02-05;1526.349976;1544.349976;1526.349976;1542.48999
784;2019-02-06;1542.109985;1554.050049;1537.640015;1551.150024
785;2019-02-07;1551.349976;1557.790039;1529.280029;1529.280029
786;2019-02-08;1529.430054;1536.030029;1524.290039;1527.170044
787;2019-02-11;1528.199951;1546.160034;1528.199951;1542.329956
788;2019-02-12;1543.849976;1551.98999;1542.790039;1549.410034
789;2019-02-13;1550.430054;1562.22998;1549.569946;1558.579956
790;2019-02-14;1559.550049;1570.619995;1557.579956;1562.359985
791;2019-02-15;1561.949951;1584.459961;1555.97998;1583.819946
792;2019-02-18;1583.449951;1588.819946;1576.660034;1583.859985
793;2019-02-19;1584.02002;1591.959961;1581.72998;1587.219971
794;2019-02-20;1587.550049;1591.359985;1578.73999;1588.609985
795;2019-02-21;1585.819946;1591.26001;1572.650024;1572.650024
796;2019-02-22;1573.01001;1591.810059;1573.01001;1588.829956
797;2019-02-25;1590.52002;1598.089966;1581.089966;1586.550049
798;2019-02-26;1585.209961;1589.22998;1577.160034;1583.949951
799;2019-02-27;1583.170044;1583.170044;1573.23999;1576.550049
800;2019-02-28;1576.97998;1577.420044;1558.050049;1572.680054
801;2019-03-01;1574.300049;1585.579956;1573.859985;1580.219971
802;2019-03-04;1580.699951;1592.680054;1580.290039;1587.790039
803;2019-03-05;1587.949951;1590.410034;1575.579956;1587.969971
804;2019-03-06;1588.060059;1588.060059;1571.459961;1572.630005
805;2019-03-07;1572.47998;1575.5;1553.140015;1558.910034
806;2019-03-08;1558.329956;1559.050049;1546.709961;1558.630005
807;2019-03-11;1559.219971;1571.26001;1558.719971;1569.930054
808;2019-03-12;1572.27002;1577.52002;1563.839966;1565.560059
809;2019-03-13;1565.329956;1574.199951;1561.180054;1572.800049
810;2019-03-14;1572.859985;1590.76001;1572.829956;1590.76001
811;2019-03-15;1590.76001;1597.609985;1582.25;1595.76001
812;2019-03-18;1595.920044;1607.540039;1595.920044;1605.01001
813;2019-03-19;1605.800049;1622.329956;1604.319946;1615.140015
814;2019-03-20;1614.579956;1619.75;1605.98999;1605.98999
815;2019-03-21;1605.310059;1610.040039;1595.449951;1605.030029
816;2019-03-22;1606.0;1610.369995;1576.869995;1576.869995
817;2019-03-25;1576.819946;1578.630005;1563.22998;1573.660034
818;2019-03-26;1574.589966;1576.030029;1565.5;1574.160034
819;2019-03-27;1575.0;1579.650024;1560.48999;1565.849976
820;2019-03-28;1565.439941;1571.170044;1553.800049;1559.319946
821;2019-03-29;1561.310059;1564.300049;1545.189941;1553.420044
822;2019-04-01;1554.920044;1580.97998;1554.920044;1580.329956
823;2019-04-02;1580.660034;1598.709961;1577.589966;1593.949951
824;2019-04-03;1596.040039;1622.380005;1596.040039;1622.380005
825;2019-04-04;1622.75;1622.75;1608.939941;1616.23999
826;2019-04-05;1616.359985;1624.280029;1616.26001;1622.27002
827;2019-04-08;1621.900024;1624.52002;1615.76001;1624.52002
828;2019-04-09;1625.369995;1633.829956;1614.01001;1616.560059
829;2019-04-10;1616.150024;1628.73999;1615.329956;1628.550049
830;2019-04-11;1626.780029;1633.089966;1620.97998;1627.030029
831;2019-04-12;1627.02002;1642.959961;1625.359985;1641.209961
832;2019-04-15;1641.209961;1644.97998;1637.140015;1642.630005
833;2019-04-16;1642.160034;1654.099976;1642.160034;1647.52002
834;2019-04-17;1647.689941;1660.619995;1645.349976;1660.140015
835;2019-04-18;1660.969971;1673.030029;1654.550049;1670.73999
836;2019-04-23;1670.5;1673.800049;1661.390015;1672.180054
837;2019-04-24;1672.099976;1686.4000239999998;1670.410034;1680.719971
838;2019-04-25;1678.969971;1700.3499760000002;1668.430054;1689.4200440000002
839;2019-04-26;1689.9000239999998;1693.050049;1680.910034;1689.040039
840;2019-04-29;1689.7600100000002;1694.189941;1684.319946;1693.310059
841;2019-04-30;1691.3299559999998;1691.430054;1675.969971;1676.140015
842;2019-05-02;1675.76001;1675.76001;1662.280029;1665.449951
843;2019-05-03;1664.939941;1676.900024;1664.050049;1672.329956
844;2019-05-06;1665.890015;1665.890015;1627.199951;1649.219971
845;2019-05-07;1647.849976;1653.0;1613.349976;1617.849976
846;2019-05-08;1617.25;1624.77002;1611.5;1623.369995
847;2019-05-09;1622.449951;1622.449951;1593.839966;1596.689941
848;2019-05-10;1597.130005;1615.609985;1593.469971;1603.369995
849;2019-05-13;1603.180054;1603.23999;1572.849976;1573.839966
850;2019-05-14;1574.400024;1591.119995;1574.400024;1590.819946
851;2019-05-15;1591.140015;1597.959961;1574.77002;1593.319946
852;2019-05-16;1593.280029;1615.380005;1586.25;1615.380005
853;2019-05-17;1614.439941;1614.439941;1591.060059;1606.859985
854;2019-05-20;1606.910034;1607.130005;1582.579956;1588.900024
855;2019-05-21;1590.890015;1605.689941;1590.890015;1602.910034
856;2019-05-22;1603.150024;1605.75;1587.780029;1595.640015
857;2019-05-23;1593.540039;1593.540039;1558.880005;1561.170044
858;2019-05-24;1563.180054;1579.119995;1563.180054;1571.52002
859;2019-05-27;1573.890015;1582.459961;1565.780029;1568.22998
860;2019-05-28;1569.25;1572.630005;1555.22998;1565.119995
861;2019-05-29;1562.369995;1562.369995;1538.109985;1538.75
862;2019-05-31;1536.630005;1536.630005;1505.130005;1510.459961
863;2019-06-03;1509.77002;1518.22998;1494.189941;1518.22998
864;2019-06-04;1518.22998;1537.310059;1506.390015;1537.310059
865;2019-06-05;1537.530029;1546.75;1531.01001;1542.0
866;2019-06-07;1543.369995;1570.780029;1543.369995;1566.140015
867;2019-06-11;1575.609985;1597.430054;1575.560059;1593.359985
868;2019-06-12;1593.359985;1596.319946;1580.449951;1593.599976
869;2019-06-13;1593.119995;1604.72998;1587.060059;1598.119995
870;2019-06-14;1597.380005;1597.380005;1579.390015;1589.599976
871;2019-06-18;1586.530029;1612.050049;1573.140015;1609.430054
872;2019-06-19;1609.719971;1615.810059;1607.109985;1612.400024
873;2019-06-20;1617.449951;1632.829956;1617.449951;1628.290039
874;2019-06-24;1627.47998;1635.589966;1609.319946;1610.939941
875;2019-06-25;1610.23999;1612.939941;1605.119995;1607.290039
876;2019-06-26;1605.939941;1611.189941;1596.01001;1604.22998
877;2019-06-27;1605.079956;1621.72998;1605.079956;1616.939941
878;2019-06-28;1616.880005;1627.02002;1615.319946;1622.430054
879;2019-07-01;1622.829956;1645.780029;1622.829956;1642.0
880;2019-07-02;1641.75;1648.26001;1637.97998;1647.02002
881;2019-07-03;1647.130005;1657.089966;1641.780029;1648.839966
882;2019-07-04;1648.829956;1654.900024;1648.25;1652.25
883;2019-07-05;1651.920044;1652.880005;1620.180054;1634.939941
884;2019-07-08;1634.709961;1646.380005;1629.959961;1642.069946
885;2019-07-09;1640.180054;1640.180054;1625.23999;1630.880005
886;2019-07-10;1630.400024;1636.650024;1621.550049;1622.449951
887;2019-07-11;1625.099976;1631.349976;1609.439941;1613.209961
888;2019-07-12;1613.310059;1629.199951;1613.310059;1625.619995
889;2019-07-15;1626.469971;1639.0;1615.589966;1632.910034
890;2019-07-16;1629.420044;1633.719971;1620.439941;1630.569946
891;2019-07-17;1629.72998;1630.910034;1598.060059;1598.060059
892;2019-07-18;1600.219971;1600.219971;1573.550049;1577.410034
893;2019-07-19;1578.619995;1605.420044;1578.619995;1605.420044
894;2019-07-22;1605.25;1607.449951;1598.109985;1600.880005
895;2019-07-23;1616.560059;1627.869995;1615.819946;1624.77002
896;2019-07-24;1625.310059;1625.540039;1608.290039;1613.060059
897;2019-07-25;1613.630005;1625.829956;1596.900024;1607.199951
898;2019-07-26;1606.880005;1614.72998;1605.900024;1610.640015
899;2019-07-29;1610.290039;1617.219971;1603.189941;1614.300049
900;2019-07-30;1613.900024;1616.22998;1592.599976;1600.26001
901;2019-07-31;1599.060059;1604.410034;1595.119995;1599.780029
902;2019-08-01;1598.670044;1617.98999;1588.949951;1612.910034
903;2019-08-02;1608.530029;1608.530029;1565.77002;1568.699951
904;2019-08-06;1534.540039;1543.930054;1520.27002;1523.030029
905;2019-08-07;1523.439941;1540.380005;1516.560059;1528.189941
906;2019-08-08;1531.920044;1550.619995;1531.920044;1550.619995
907;2019-08-09;1550.349976;1550.349976;1529.130005;1531.52002
908;2019-08-12;1532.449951;1550.959961;1528.109985;1533.060059
909;2019-08-13;1531.880005;1548.400024;1509.609985;1543.359985
910;2019-08-14;1538.219971;1539.349976;1498.410034;1500.060059
911;2019-08-15;1500.430054;1509.579956;1476.829956;1495.709961
912;2019-08-16;1496.939941;1519.560059;1496.939941;1519.410034
913;2019-08-19;1522.47998;1539.660034;1522.47998;1538.969971
914;2019-08-20;1538.780029;1546.189941;1533.060059;1534.339966
915;2019-08-21;1534.939941;1550.140015;1534.939941;1543.469971
916;2019-08-22;1543.26001;1546.839966;1533.449951;1535.51001
917;2019-08-23;1539.5;1549.869995;1522.849976;1522.849976
918;2019-08-26;1520.349976;1525.680054;1503.579956;1520.849976
919;2019-08-27;1521.050049;1532.469971;1516.920044;1530.810059
920;2019-08-28;1534.469971;1534.849976;1515.5;1529.130005
921;2019-08-29;1530.050049;1558.73999;1530.050049;1558.73999
922;2019-08-30;1559.680054;1583.160034;1559.680054;1576.97998
923;2019-09-02;1576.72998;1582.910034;1568.699951;1570.189941
924;2019-09-03;1569.310059;1575.97998;1563.069946;1568.660034
925;2019-09-04;1569.310059;1586.22998;1569.310059;1581.280029
926;2019-09-05;1581.920044;1598.040039;1581.920044;1597.339966
927;2019-09-06;1597.640015;1602.359985;1593.869995;1601.949951
928;2019-09-09;1602.339966;1610.780029;1600.530029;1610.699951
929;2019-09-10;1611.0;1625.0;1606.709961;1624.97998
930;2019-09-11;1625.829956;1639.180054;1625.829956;1637.619995
931;2019-09-12;1638.47998;1655.689941;1638.47998;1651.449951
932;2019-09-13;1651.75;1665.349976;1651.75;1665.349976
933;2019-09-16;1661.160034;1661.160034;1650.5;1655.01001
934;2019-09-17;1654.800049;1654.800049;1638.310059;1649.329956
935;2019-09-18;1649.630005;1661.170044;1646.680054;1655.109985
936;2019-09-19;1655.089966;1666.719971;1650.680054;1664.640015
937;2019-09-20;1664.880005;1670.23999;1661.439941;1666.890015
938;2019-09-23;1666.670044;1666.780029;1629.300049;1637.660034
939;2019-09-24;1638.349976;1643.880005;1633.089966;1633.089966
940;2019-09-25;1632.189941;1632.189941;1604.119995;1620.670044
941;2019-09-26;1620.910034;1635.689941;1614.849976;1631.609985
942;2019-09-27;1632.319946;1646.699951;1632.319946;1646.599976
943;2019-09-30;1646.310059;1652.089966;1642.670044;1647.670044
944;2019-10-01;1647.930054;1658.98999;1631.619995;1635.640015
945;2019-10-02;1634.530029;1634.530029;1590.650024;1593.319946
946;2019-10-03;1593.459961;1605.540039;1574.02002;1588.410034
947;2019-10-04;1589.73999;1595.650024;1581.390015;1593.97998
948;2019-10-07;1595.23999;1619.849976;1591.219971;1617.98999
949;2019-10-08;1618.969971;1623.380005;1596.75;1605.689941
950;2019-10-09;1604.689941;1625.469971;1599.469971;1620.0
951;2019-10-10;1620.619995;1630.550049;1607.069946;1630.030029
952;2019-10-11;1631.900024;1654.51001;1628.77002;1653.280029
953;2019-10-14;1652.969971;1653.380005;1639.97998;1652.579956
954;2019-10-15;1653.219971;1675.089966;1653.219971;1670.209961
955;2019-10-16;1670.209961;1680.9899899999998;1667.209961;1677.189941
