id;NormKurs50;NormKurs200;NumberRise50;NumberRise200;MA50Norm;MA200Norm;MA50NormDiff;MA200NormDiff;RSI_9;RSI_14;RSI9_diff;RSI14_diff;Stoch_Sk1383;Stoch_Sd1383;Stoch_Sk533;Stoch_Sd533;Stoch_Sk2177;Stoch_Sd2177;Stoch_Sk211414;Stoch_Sd211414;Stoch_Sk31414;Stoch_Sd31414;MACD_12_26_9;MACDS_12_26_9;MACD_5_35_5;MACDS_5_35_5;MACD_12_26_9Diff;MACDS_12_26_9Diff;MACD_5_35_5Diff;MACDS_5_35_5Diff;MACD_12_26_9DiffDirChange;MACDS_12_26_9DiffDirChange;MACD_5_35_5DiffDirChange;MACDS_5_35_5DiffDirChange;week_of_year;day_of_year;day_of_month;day_week__0;day_week__1;day_week__2;day_week__3;day_week__4;month_year__1;month_year__2;month_year__3;month_year__4;month_year__5;month_year__6;month_year__7;month_year__8;month_year__9;month_year__10;month_year__11;month_year__12;week_month__1;week_month__2;week_month__3;week_month__4;week_month__5;week_month__6
200;1.0;1.0;0.62;0.59;-0.06844833505282973;-0.08174200856981073;5.881795907432264e-05;-0.00112077120387874;79.58916733756656;73.03997099605499;0.6418191486122709;0.5605801087021121;95.95340200057535;91.7452254816552;90.19980134298555;90.19980134298555;85.21755415906726;85.21755415906726;54.63010480068058;54.63010480068058;54.63010480068058;54.63010480068058;25.467432309869768;16.093029890219125;64.06757766998089;49.67073844621893;3.2944866061084213;2.3436006049126608;6.686215459946653;7.198419611880978;0.0;0.0;0.0;0.0;43;295;22;0;1;0;0;0;0;0;0;0;0;0;0;0;0;1;0;0;0;0;0;1;0;0
201;0.9898930114879786;0.9919776856398548;0.62;0.59;-0.06456315088785095;-0.0795288441207299;0.0038851841649787814;0.0022131644490808178;77.98100503139179;72.08222847991662;-1.6081623061747619;-0.9577425161383673;94.97794770963938;94.46339721866302;90.63521040671179;90.63521040671179;89.36993357243185;89.36993357243185;55.63433145800824;55.63433145800824;55.63433145800824;55.63433145800824;27.570893162976066;18.388602544770514;66.43820929902199;55.25989539715328;2.1034608531062986;2.295572654551389;2.3706316290411;5.589156950934354;0.0;0.0;0.0;0.0;43;296;23;0;0;1;0;0;0;0;0;0;0;0;0;0;0;1;0;0;0;0;0;1;0;0
202;1.0;1.0;0.64;0.59;-0.0677683052627927;-0.08454788356282608;-0.0032051543749417604;-0.005019039442096168;80.09386360926388;73.82104497361463;2.1128585778720748;1.7388164936979962;95.2064605467801;95.37927008566498;90.23262518117001;90.23262518117001;92.1844441688057;92.1844441688057;57.410412133415825;57.410412133415825;57.410412133415825;57.410412133415825;29.79097219987739;20.66907647579189;69.78659894880661;60.10212991437106;2.2200790369013252;2.2804739310213757;3.3483896497846217;4.8422345172177765;0.0;0.0;0.0;0.0;43;297;24;0;0;0;1;0;0;0;0;0;0;0;0;0;0;1;0;0;0;0;0;1;0;0
203;1.0;1.0;0.64;0.59;-0.07066585861464679;-0.08907525654456135;-0.002897553351854085;-0.004527372981735278;81.88766365255744;75.3490971518773;1.793800043293558;1.5280521782626693;95.85747542831402;95.34729456157787;89.32604465884516;89.32604465884516;94.19833473200443;94.19833473200443;59.680191469495284;59.680191469495284;59.680191469495284;59.680191469495284;32.014105471525234;22.93808227493856;73.46918569221157;64.55781517365122;2.223133271647839;2.269005799146669;3.6825867434049533;4.455685259280166;0.0;0.0;0.0;0.0;43;298;25;0;0;0;0;1;0;0;0;0;0;0;0;0;0;1;0;0;0;0;0;1;0;0
204;1.0;1.0;0.64;0.59;-0.07501954884869484;-0.09494748316097626;-0.004353690234048052;-0.005872226616414913;83.91763326188438;77.1505383947653;2.0299696093269404;1.801441242888032;96.17149977275469;95.74514524928296;92.64531911589428;92.64531911589428;95.34483964017357;95.34483964017357;62.580303259948685;62.580303259948685;62.580303259948685;62.580303259948685;34.42887899806942;25.23624161956473;78.04120261042543;69.05227765257597;2.4147735265441947;2.2981593446261708;4.572016918213876;4.494462478924746;0.0;0.0;0.0;0.0;44;301;28;1;0;0;0;0;0;0;0;0;0;0;0;0;0;1;0;0;0;0;0;0;1;0
205;0.9248721842295534;0.9409831435958792;0.64;0.585;-0.0630813841696096;-0.08482245028778429;0.01193816467908525;0.010125032873191971;71.58996441336177;69.61350786802629;-12.32766884852262;-7.537030526739031;94.74322179809728;95.59073233305536;88.86178959150743;88.86178959150743;95.00919250848268;95.00919250848268;65.93864991186675;65.93864991186675;65.93864991186675;65.93864991186675;34.493334951936504;27.087660286039085;74.47741886244125;70.86065805586439;0.06445595386708193;1.8514186664743555;-3.5637837479841887;1.8083804032884243;0.0;0.0;-1.0;0.0;44;302;29;0;1;0;0;0;0;0;0;0;0;0;0;0;0;1;0;0;0;0;0;0;1;0
206;0.9436231716331612;0.9557130318494588;0.64;0.585;-0.06316156958883154;-0.08638452626119207;-8.018541922194533e-05;-0.001562075973407795;72.7020510450415;70.38712918488724;1.1120866316797446;0.7736213168609538;92.05245666320428;94.32239274468544;77.20838943517793;77.20838943517793;93.93713843135909;93.93713843135909;69.62772520362907;69.62772520362907;69.62772520362907;69.62772520362907;34.50893384511528;28.571914997854325;72.1015971718134;71.2743044278474;0.015598893178776054;1.4842547118152396;-2.3758216906278453;0.4136463719830061;0.0;0.0;-0.6;0.0;44;303;30;0;0;1;0;0;0;0;0;0;0;0;0;0;0;1;0;0;0;0;0;0;1;0
207;0.8887914650894029;0.9126398382752772;0.64;0.585;-0.05378031488848147;-0.07869162715475299;0.009381254700350068;0.007692899106439083;64.49884045501906;65.18738182232092;-8.203210590022438;-5.199747362566328;84.98057133750595;90.59208326626921;54.6854532143414;54.6854532143414;91.94254089679896;91.94254089679896;73.10281108379381;73.10281108379381;73.10281108379381;73.10281108379381;33.08048319053887;29.473628636391233;65.62327106712519;69.39062664094;-1.4284506545764089;0.9017136385369078;-6.478326104688223;-1.8836777869073984;-1.0;0.0;-0.36;-1.0;44;304;31;0;0;0;1;0;0;0;0;0;0;0;0;0;0;1;0;0;0;0;0;0;1;0
208;0.9047855963534444;0.9252040708226836;0.66;0.59;-0.05339515398820618;-0.07991848080921267;0.0003851609002752873;-0.0012268536544596806;65.751311033487;65.972988056257;1.252470578467921;0.7856062339360791;79.54984581017452;85.52762460362828;40.1773471683919;40.1773471683919;89.13972680631686;89.13972680631686;76.32602328673468;76.32602328673468;76.32602328673468;76.32602328673468;31.889864686918827;29.95687584649675;61.392955907374926;66.72473639641831;-1.190618503620044;0.4832472101055174;-4.230315159750262;-2.665890244521691;-0.6;0.0;-0.21600000000000003;-0.6;44;305;1;0;0;0;0;1;0;0;0;0;0;0;0;0;0;0;1;0;1;0;0;0;0;0
209;1.0;1.0;0.68;0.595;-0.06848615240504177;-0.09644185945364324;-0.015090998416835588;-0.016523378644430556;74.49985241543641;71.9159355139094;8.748541381949407;5.9429474576524095;80.6329896918689;81.72113561318315;38.965535107187314;38.965535107187314;86.23009777873942;86.23009777873942;79.26567773813677;79.26567773813677;79.26567773813677;79.26567773813677;33.26758829021446;30.619018335240288;66.90363393813618;66.78436891032426;1.3777236032956353;0.662142488743541;5.510678030761255;0.059632513905953026;1.0;0.0;1.0;1.0;45;308;4;1;0;0;0;0;0;0;0;0;0;0;0;0;0;0;1;0;0;1;0;0;0;0
210;0.9937990911484986;0.9949518747751018;0.66;0.59;-0.06499840703183644;-0.09482632457773338;0.003487745373205328;0.0016155348759098606;73.5655006991058;71.3187189601218;-0.934351716330596;-0.597216553787618;79.56389742631755;79.91557764278701;54.31074087046184;54.31074087046184;83.04223413713213;83.04223413713213;81.93756672210448;81.93756672210448;81.93756672210448;81.93756672210448;33.84822543478845;31.26485975514992;68.71769725494643;67.42881169186498;0.5806371445739842;0.6458414199096296;1.8140633168102342;0.6444427815407181;0.6;0.0;0.6;0.6;45;309;5;0;1;0;0;0;0;0;0;0;0;0;0;0;0;0;1;0;0;1;0;0;0;0
211;0.9611852254641112;0.971810788666054;0.66;0.585;-0.05877242332204901;-0.09054597270730322;0.006225983709787442;0.00428035187043016;69.23060562579879;68.57703966184775;-4.33489507330701;-2.741679298274022;75.80114763401359;78.66601158406671;66.00144434482743;66.00144434482743;79.08633473757583;79.08633473757583;84.44158025912066;84.44158025912066;84.44158025912066;84.44158025912066;33.37974279381592;31.687836362883118;66.71511587562418;67.19091308645137;-0.4684826409725247;0.4229766077332009;-2.002581379322237;-0.23789860541360494;-1.0;0.0;-1.0;-1.0;45;310;6;0;0;1;0;0;0;0;0;0;0;0;0;0;0;0;1;0;0;1;0;0;0;0
212;0.9643229224767234;0.9753003025301302;0.66;0.585;-0.05699143198955953;-0.09032347777306783;0.0017809913324894828;0.00022249493423540098;69.53249526441631;68.77169850639814;0.3018896386175243;0.1946588445503892;72.16087031967399;75.84197179333508;62.358101228630886;62.358101228630886;75.68593097346988;75.68593097346988;86.68500974444616;86.68500974444616;86.68500974444616;86.68500974444616;32.71367117717;31.893003325740494;64.50210508353939;66.29464375214738;-0.6660716166459224;0.20516696285737626;-2.213010792084788;-0.8962693343039945;-0.6;0.0;-0.6;-0.6;45;311;7;0;0;0;1;0;0;0;0;0;0;0;0;0;0;0;1;0;0;1;0;0;0;0
213;1.0;1.0;0.66;0.59;-0.0594397120171146;-0.09402753806211102;-0.0024482800275550803;-0.0037040602890432007;72.13803586262891;70.45394317947022;2.6055405982125848;1.6822446730720628;73.1725471352012;73.7115216962963;48.57492681883635;48.57492681883635;73.22940361927343;73.22940361927343;88.6125514967828;88.6125514967828;88.6125514967828;88.6125514967828;32.517020523932835;32.017806765378964;64.34480004623538;65.64469585017672;-0.1966506532371568;0.12480343963846607;-0.15730503730401324;-0.6499479019706627;-0.36;0.0;-0.36;-0.36;45;312;8;0;0;0;0;1;0;0;0;0;0;0;0;0;0;0;1;0;0;1;0;0;0;0
214;0.9555661702346534;0.9691667019920036;0.66;0.59;-0.052415196631698205;-0.08858718409129585;0.007024515385416395;0.005440353970815172;65.67628784566692;66.480894824956;-6.461748016961978;-3.9730483545142192;72.10980679247386;72.48107474911637;38.74623829700304;38.74623829700304;72.18755477737011;72.18755477737011;89.96397573393247;89.96397573393247;89.96397573393247;89.96397573393247;31.269645413574157;31.868174495018007;60.53750270707656;63.94229813580999;-1.2473751103586892;-0.14963227036096072;-3.8072973391588216;-1.7023977143667182;-0.21600000000000003;-1.0;-0.21600000000000003;-0.21600000000000003;46;315;11;1;0;0;0;0;0;0;0;0;0;0;0;0;0;0;1;0;0;0;1;0;0;0
215;1.0;1.0;0.68;0.595;-0.05608376146458535;-0.09351529979768296;-0.003668564832887141;-0.004928115706387111;69.44263081600096;68.81433908068908;3.766342970334037;2.333444255733085;77.77280002761336;74.35171798509616;45.26920880219716;45.26920880219716;72.8595563507735;72.8595563507735;90.89648534860056;90.89648534860056;90.89648534860056;90.89648534860056;30.831048407867684;31.660749277587943;60.13590923969741;62.673501837105796;-0.4385970057064696;-0.20742521743006392;-0.4015934673791435;-1.2687962987041956;-0.13;-0.6;-0.13;-0.13;46;316;12;0;1;0;0;0;0;0;0;0;0;0;0;0;0;0;1;0;0;0;1;0;0;0
216;0.9564167369129656;0.9713792389545328;0.66;0.59;-0.04964710674263018;-0.08856134807566649;0.0064366547219551614;0.0049539517220164725;63.812090120237905;65.2899903922818;-5.630540695763044;-3.5243486884072865;77.78705479643604;75.88988720550779;52.884830298886406;52.884830298886406;72.54018375344431;72.54018375344431;91.29801962448015;91.29801962448015;91.29801962448015;91.29801962448015;29.488318407295765;31.226263103529504;56.51387197801978;60.620291884077126;-1.3427300005719192;-0.4344861740584349;-3.6220372616776335;-2.0532099530286767;0.0;-0.36;0.0;0.0;46;317;13;0;0;1;0;0;0;0;0;0;0;0;0;0;0;0;1;0;0;0;1;0;0;0
217;0.9071443677209776;0.9390224899435244;0.64;0.585;-0.04286114994372964;-0.08307122912272878;0.0067859567989005465;0.005490118952937703;57.913540402416324;61.47622441900271;-5.898549717821594;-3.8137659732790814;67.39845830110912;74.31943770838619;58.205238746326955;58.205238746326955;70.88345728778594;70.88345728778594;91.20236780893559;91.20236780893559;91.20236780893559;91.20236780893559;27.367970487676306;30.45460458035886;50.63679570255567;57.29245982356998;-2.1203479196194617;-0.7716585231706397;-5.8770762754641055;-3.3278320605071485;0.0;-0.21600000000000003;0.0;0.0;46;318;14;0;0;0;1;0;0;0;0;0;0;0;0;0;0;0;1;0;0;0;1;0;0;0
218;0.9041383069116709;0.9359880098925484;0.62;0.585;-0.04079254178015775;-0.08202232135476649;0.0020686081635718848;0.0010489077679622927;57.55291079848522;61.242385350378456;-0.3606296039311019;-0.2338390686242633;60.838979944665134;68.67483101407011;51.079276534467354;51.079276534467354;69.16315438732167;69.16315438732167;90.54836007368013;90.54836007368013;90.54836007368013;90.54836007368013;25.350166465322676;29.433716957351628;45.843123960549526;53.47601453589649;-2.01780402235363;-1.020887623007237;-4.793671742006153;-3.816445287673489;0.0;-0.13;0.0;0.0;46;319;15;0;0;0;0;1;0;0;0;0;0;0;0;0;0;0;1;0;0;0;1;0;0;0
219;0.8413937148183362;0.8940900830045495;0.6;0.58;-0.03282628055469882;-0.0751786585789001;0.007966261225458932;0.006843662775866385;50.29017222536564;56.44120597337232;-7.262738573119577;-4.801179377006129;53.327993941652174;60.52181072914215;40.14187080965544;40.14187080965544;66.2699662726301;66.2699662726301;89.41613199227777;89.41613199227777;89.41613199227777;89.41613199227777;22.54784418609597;28.056542403100494;38.7287336237207;48.5602542318379;-2.8023222792267006;-1.3771745542511304;-7.114390336828818;-4.915760304058593;0.0;0.0;0.0;0.0;47;322;18;1;0;0;0;0;0;0;0;0;0;0;0;0;0;0;1;0;0;0;0;1;0;0
220;0.8310880701977802;0.8872084517684509;0.58;0.575;-0.030404128541517233;-0.07348960212247231;0.002422152013181592;0.0016890564564277927;49.158073438921654;55.6731310851004;-1.13209878644399;-0.7680748882719257;45.95976526595882;53.37557971742538;29.515705777260067;29.515705777260067;61.490841925870726;61.490841925870726;87.83763023607143;87.83763023607143;87.83763023607143;87.83763023607143;19.942171150393282;26.43366815255905;32.99875834453724;43.37308893607101;-2.6056730357026936;-1.6228742505414433;-5.729975279183464;-5.187165295766889;0.0;0.0;0.0;0.0;47;323;19;0;1;0;0;0;0;0;0;0;0;0;0;0;0;0;1;0;0;0;0;1;0;0
221;0.7549249775120687;0.8363502728808903;0.56;0.57;-0.021389225092267282;-0.0652681826970592;0.009014903449249951;0.008221419425413115;41.48872916884739;50.25759317821965;-7.669344270074255;-5.415537906880743;35.537979888562596;44.94191303205787;19.025560067078075;19.025560067078075;55.12853775075943;55.12853775075943;85.96301730954158;85.96301730954158;85.96301730954158;85.96301730954158;16.541467112160035;24.45522794447925;24.838257736448888;37.19481186953031;-3.4007040382332434;-1.9784402080798031;-8.160500608088341;-6.178277066540701;0.0;0.0;0.0;0.0;47;324;20;0;0;1;0;0;0;0;0;0;0;0;0;0;0;0;1;0;0;0;0;1;0;0
222;0.7068863482037464;0.8042723054990036;0.54;0.565;-0.015498997362078697;-0.059839448932098624;0.005890227730188581;0.005428733764960579;37.399574247743686;47.15762565780122;-4.089154921103699;-3.0999675204184243;28.65320578186491;36.716983645462115;14.337295223042053;14.337295223042053;46.734909610715725;46.734909610715725;83.83398546235806;83.83398546235806;83.83398546235806;83.83398546235806;12.974625086625108;22.159107372908426;16.754065358459002;30.381229699173204;-3.5668420255349247;-2.296120571570828;-8.084192377989893;-6.813582170357102;0.0;0.0;0.0;0.0;47;325;21;0;0;0;1;0;0;0;0;0;0;0;0;0;0;0;1;0;0;0;0;1;0;0
223;0.7287851050048936;0.8188952790618519;0.54;0.565;-0.017146102130055258;-0.061492870990482326;-0.0016471047679765607;-0.0016534220583837025;40.3761033400628;48.70302004699091;2.976529092319105;1.5453943891896813;20.246107382316712;28.14576435091475;13.872989074498188;13.872989074498188;38.72683409509396;38.72683409509396;81.2695920937116;81.2695920937116;81.2695920937116;81.2695920937116;10.357698336287283;19.798825565584195;12.487078947160626;24.41651278183568;-2.616926750337825;-2.3602818073242275;-4.266986411298376;-5.964716917337526;0.0;0.0;0.0;0.0;47;326;22;0;0;0;0;1;0;0;0;0;0;0;0;0;0;0;1;0;0;0;0;1;0;0
224;0.8245937252396794;0.8828718295805946;0.56;0.565;-0.02621790155076911;-0.07053668951865008;-0.009071799420713851;-0.009043818528167763;51.57018081196791;54.88748829629404;11.19407747190511;6.18446824930313;20.1080534194823;23.00245552788799;28.795462260681038;28.795462260681038;32.92010402552189;32.92010402552189;78.4484191505436;78.4484191505436;78.4484191505436;78.4484191505436;9.61330259358624;17.761720971184605;14.527576226210384;21.120200596627246;-0.7443957427010446;-2.0371045943995902;2.0404972790497595;-3.2963121852084316;0.0;0.0;1.0;0.0;48;329;25;1;0;0;0;0;0;0;0;0;0;0;0;0;0;0;1;0;0;0;0;0;1;0
225;0.8189576919882691;0.8791083481198392;0.56;0.56;-0.024577616646721614;-0.06943089232236191;0.0016402849040474956;0.001105797196288172;50.9450137505905;54.47355678975831;-0.6251670613774181;-0.4139315065357323;24.04880018293663;21.467653661578566;50.371102513342706;50.371102513342706;28.141550899933105;28.141550899933105;75.44121264327039;75.44121264327039;75.44121264327039;75.44121264327039;8.836768657354924;15.976730508418667;15.251624305126825;19.164008499460444;-0.7765339362313171;-1.7849904627659363;0.7240480789164394;-1.9561920971668056;0.0;0.0;0.6;0.0;48;330;26;0;1;0;0;0;0;0;0;0;0;0;0;0;0;0;1;0;0;0;0;0;1;0
226;0.8018360019090123;0.8676752780303472;0.54;0.56;-0.021835447813363426;-0.06712276679766638;0.0027421688333581877;0.002308125524695531;48.94232877611454;53.16845180238978;-2.0026849744759545;-1.305104987368523;25.64075453273693;23.265869378385304;69.52068585148247;69.52068585148247;25.49140937304711;25.49140937304711;72.32031040719;72.32031040719;72.32031040719;72.32031040719;7.87320097902716;14.356024602540367;14.538974219534795;17.622330406151892;-0.9635676783277632;-1.620705905878301;-0.7126500855920312;-1.5416780933085477;0.0;0.0;-1.0;0.0;48;331;27;0;0;1;0;0;0;0;0;0;0;0;0;0;0;0;1;0;0;0;0;0;1;0
227;0.7884175013166365;0.8587150260307863;0.52;0.56;-0.019611848463677337;-0.06517910114171865;0.0022235993496860893;0.0019436656559477239;47.32241209539528;52.119914246703395;-1.6199166807192569;-1.04853755568638;30.80137481200772;26.83030984256044;70.23054166541807;70.23054166541807;25.48151646469205;25.48151646469205;68.98360071732968;68.98360071732968;68.98360071732968;68.98360071732968;6.829115749807214;12.850642831993735;13.126583902318773;16.12374823820752;-1.0440852292199452;-1.5053817705466308;-1.4123903172160226;-1.4985821679443738;0.0;0.0;-0.6;0.0;48;332;28;0;0;0;1;0;0;0;0;0;0;0;0;0;0;0;1;0;0;0;0;0;1;0
228;0.7613118671174259;0.8406151413707343;0.5;0.555;-0.01601802797283625;-0.061907613457593;0.0035938204908410884;0.0032714876841256554;44.050006699582475;49.986375992041395;-3.2724053958128114;-2.133538254662;35.82311495011389;30.75508143161953;57.69591100274742;57.69591100274742;27.64591157149787;27.64591157149787;65.51224765777874;65.51224765777874;65.51224765777874;65.51224765777874;5.530422664238131;11.386598798442614;10.591424834028658;14.279640436814564;-1.2986930855690844;-1.4640440335511204;-2.5351590682901133;-1.844107801392953;0.0;0.0;-0.36;0.0;48;333;29;0;0;0;0;1;0;0;0;0;0;0;0;0;0;0;1;0;0;0;0;0;1;0
229;0.6355533897260675;0.7566394660894069;0.5;0.55;-0.0017002031566369078;-0.04856900390652005;0.01431782481619934;0.01333860955107295;32.473755711463276;41.53460457536522;-11.576250988119185;-8.451771416676179;36.181600939168966;34.268696900430214;39.12292979408081;39.12292979408081;30.927089317436828;30.927089317436828;61.60697605844378;61.60697605844378;61.60697605844378;61.60697605844378;2.580839185068726;9.62544687576784;2.2907277385490943;10.28333620405941;-2.9495834791694047;-1.7611519226747774;-8.300697095479562;-3.9963042327551563;0.0;0.0;-0.21600000000000003;0.0;49;336;2;1;0;0;0;0;0;0;0;0;0;0;0;0;0;0;0;1;0;1;0;0;0;0
230;0.5864959312395663;0.7238811718618982;0.5;0.545;0.00443531929485702;-0.043037056342183945;0.006135522451493928;0.005531947564336101;29.153044310492568;38.79314362946468;-3.3207114009707115;-2.7414609459005423;35.56871882315324;35.857811570812046;25.958385393047163;25.958385393047163;34.567539400394914;34.567539400394914;57.4801739299371;57.4801739299371;57.4801739299371;57.4801739299371;-0.4886075086972141;7.6026359988748275;-5.516916872281627;5.016585178612399;-3.06944669376594;-2.0228108768930118;-7.807644610830722;-5.266751025447012;0.0;0.0;-0.13;0.0;49;337;3;0;1;0;0;0;0;0;0;0;0;0;0;0;0;0;0;1;0;1;0;0;0;0
231;0.7363533271980024;0.8239489866331327;0.52;0.545;-0.010600121994902059;-0.05804756349857537;-0.015035441289759081;-0.015010507156391429;47.40700604178824;49.66653812692229;18.25396173129567;10.873394497457609;40.28183387602025;37.344051212780826;21.894112096506902;21.894112096506902;37.71253466369929;37.71253466369929;53.4905116020263;53.4905116020263;53.4905116020263;53.4905116020263;-0.6606462401809949;5.949979551063661;-2.5751422407252;2.4860093721665324;-0.1720387314837808;-1.6526564478111645;2.9417746315564277;-2.530575806445865;0.0;0.0;1.0;0.0;49;338;4;0;0;1;0;0;0;0;0;0;0;0;0;0;0;0;0;1;0;1;0;0;0;0
232;0.7257797043858158;0.8168884119964009;0.5;0.54;-0.008401570417080291;-0.05656541868160385;0.0021985515778217713;0.0014821448169715231;46.46837153001128;49.008359027227286;-0.9386345117769608;-0.6581790996950048;40.959629871541146;38.93672752357156;30.13033210539828;30.13033210539828;40.42262705132559;40.42262705132559;49.660440358891;49.660440358891;49.660440358891;49.660440358891;-0.9450543717973688;4.570972766491456;-1.222440116398502;1.2498595426448542;-0.2844081316163738;-1.3790067845722067;1.3527021243266972;-1.2361498295216782;0.0;0.0;0.6;0.0;49;339;5;0;0;0;1;0;0;0;0;0;0;0;0;0;0;0;0;1;0;1;0;0;0;0
233;0.8276528535351287;0.8849145734950515;0.5;0.54;-0.01809984962297808;-0.06638552738752955;-0.009698279205897787;-0.0098201087059257;55.8304161259982;55.14449641935956;9.362044595986916;6.1361373921322695;46.079630602996474;42.440364783519314;50.67681089323685;50.67681089323685;43.0043456520133;43.0043456520133;46.324629182979315;46.324629182979315;46.324629182979315;46.324629182979315;0.3569610734809885;3.7281704278893626;4.92411566774058;2.474611584343429;1.3020154452783572;-0.8428023386020937;6.146555784139083;1.2247520416985749;1.0;0.0;0.36;1.0;49;340;6;0;0;0;0;1;0;0;0;0;0;0;0;0;0;0;0;1;0;1;0;0;0;0
234;0.8314104308886108;0.8874237092783872;0.5;0.54;-0.01739693534344476;-0.06631276280899377;0.0007029142795333157;7.276457853577778e-05;56.14474737363437;55.35680267918764;0.3143312476361757;0.2123062598280825;50.6128066175792;45.88402236403896;69.37588153166881;69.37588153166881;44.974466324937865;44.974466324937865;43.5856009367645;43.5856009367645;43.5856009367645;43.5856009367645;1.4288370710810343;3.268303756527697;8.897446982425436;4.615556717037432;1.0718759976000456;-0.4598666713616657;3.9733313146848563;2.140945132694002;0.6;0.0;0.21600000000000003;0.6;50;343;9;1;0;0;0;0;0;0;0;0;0;0;0;0;0;0;0;1;0;0;1;0;0;0
235;0.7895444460377882;0.8594675474188191;0.5;0.535;-0.011829838699691658;-0.06169319491277375;0.005567096643753104;0.004619567896220021;51.598893127269505;52.396307549361886;-4.545854246364861;-2.9604951298257447;53.461765968279884;50.05140106295187;79.32168381878877;79.32168381878877;46.44960295745348;46.44960295745348;41.59059654576104;41.59059654576104;41.59059654576104;41.59059654576104;1.630116783490621;2.940666361920281;9.067726291997133;6.099613242023997;0.20127971240958686;-0.32763739460741537;0.170279309571697;1.484056524986567;0.36;0.0;0.13;0.36;50;344;10;0;1;0;0;0;0;0;0;0;0;0;0;0;0;0;0;1;0;0;1;0;0;0
236;0.82233918097455;0.8813663495442333;0.52;0.54;-0.01359354369378384;-0.06449988676490799;-0.0017637049940921832;-0.002806691852134252;54.78519789112074;54.441205381736346;3.1863047638512256;2.0448978323744527;57.72291314790201;53.93249524458705;76.63503515275805;76.63503515275805;49.712945619325616;49.712945619325616;40.29097276776431;40.29097276776431;40.29097276776431;40.29097276776431;2.2566439452530176;2.803861878586829;10.704236388912475;7.634487624320157;0.6265271617623966;-0.13680448333345294;1.6365100969153443;1.5348743822961597;0.21600000000000003;0.0;0.0;0.21600000000000003;50;345;11;0;0;1;0;0;0;0;0;0;0;0;0;0;0;0;0;1;0;0;1;0;0;0
237;0.9088193990227642;0.9409340869168092;0.54;0.54;-0.020985862902594923;-0.07286106448699266;-0.007392319208811083;-0.008361177722084653;62.288523470163774;59.51029069742842;7.503325579043028;5.069085315692071;69.0523478742784;60.07900899682011;74.52748839237704;74.52748839237704;55.005584717684954;55.005584717684954;39.79806601927026;39.79806601927026;39.79806601927026;39.79806601927026;4.047607631018536;3.0526110290731703;16.15307031310158;10.474015187247296;1.790963685765519;0.2487491504863417;5.4488339241891035;2.8395275629271413;0.13;1.0;0.0;0.13;50;346;12;0;0;0;1;0;0;0;0;0;0;0;0;0;0;0;0;1;0;0;1;0;0;0
238;0.9727860428114462;0.9835132223392272;0.54;0.545;-0.025566282629331076;-0.07856495206981694;-0.004580419726736149;-0.00570388758282428;66.68009657084;62.689623326461955;4.39157310067624;3.1793326290335315;78.8873857573636;68.55421559318135;76.47308608673616;76.47308608673616;60.639579883455724;60.639579883455724;39.784912065939714;39.784912065939714;39.784912065939714;39.784912065939714;6.352350431763398;3.712558909611216;22.584688055866767;14.510906143453784;2.3047428007448616;0.6599478805380454;6.431617742765184;4.036890956206488;0.0;0.6;0.0;0.0;50;347;13;0;0;0;0;1;0;0;0;0;0;0;0;0;0;0;0;1;0;0;1;0;0;0
239;1.0;1.0;0.54;0.55;-0.033228927799590864;-0.08703605729880036;-0.007662645170259785;-0.008471105228983422;72.02446512514518;66.81201580991421;5.344368554305177;4.122392483452266;84.05153990003933;77.33042451056046;83.78526921905852;83.78526921905852;67.237913120424;67.237913120424;40.275081053556;40.275081053556;40.275081053556;40.275081053556;9.484874535688505;4.8670220348266735;31.088223244721576;20.036678510543044;3.1325241039251073;1.1544631252154578;8.503535188854812;5.525772367089262;0.0;0.36;0.0;0.0;51;350;16;1;0;0;0;0;0;0;0;0;0;0;0;0;0;0;0;1;0;0;0;1;0;0
240;1.0;1.0;0.56;0.555;-0.03345400888063912;-0.08861060216639438;-0.0002250810810482604;-0.0015745448675940075;73.18774150211155;67.74167568276347;1.1632763769663654;0.9296598728492568;89.69403151221249;84.21098572320516;89.70279195307495;89.70279195307495;73.11428081365167;73.11428081365167;41.274885681569025;41.274885681569025;41.274885681569025;41.274885681569025;12.171669950037995;6.327951617868937;37.052709785024035;25.70868893537004;2.6867954143494903;1.4609295830422644;5.9644865403024605;5.6720104248269925;0.0;0.21600000000000003;0.0;0.0;51;351;17;0;1;0;0;0;0;0;0;0;0;0;0;0;0;0;0;1;0;0;0;1;0;0
241;0.9754781199076412;0.9865974891851784;0.54;0.555;-0.029429043640648002;-0.08598487211313978;0.004024965239991119;0.002625730053254588;70.17331456349126;65.90268176295393;-3.0144269386202893;-1.838993919809539;89.8613333636968;87.86896825864956;91.90209969395674;91.90209969395674;78.5627841973369;78.5627841973369;42.82568923416051;42.82568923416051;42.82568923416051;42.82568923416051;13.821298027376995;7.82662089977055;39.019162332899434;30.145513401213172;1.6496280773390026;1.498669281901612;1.9664525478754056;4.436824465843131;0.0;0.13;0.0;0.0;51;352;18;0;0;1;0;0;0;0;0;0;0;0;0;0;0;0;0;1;0;0;0;1;0;0
242;0.9379977831088432;0.970832447885296;0.52;0.55;-0.025168552808812226;-0.08302196110119099;0.004260490831835773;0.002962911011948774;66.5887710755138;63.722516351174775;-3.584543487977456;-2.180165411779164;89.47675556889641;89.67737348160192;82.76493130325012;82.76493130325012;83.70371073151736;83.70371073151736;44.91406556940194;44.91406556940194;44.91406556940194;44.91406556940194;14.58370461757272;9.178037643330985;38.237521486508065;32.8428494296448;0.7624065901957238;1.3514167435604352;-0.7816408463913831;2.697336028431629;0.0;0.0;-1.0;0.0;51;353;19;0;0;0;1;0;0;0;0;0;0;0;0;0;0;0;0;1;0;0;0;1;0;0
243;1.0;1.0;0.52;0.55;-0.029843123277071164;-0.08832582564744472;-0.004674570468258938;-0.005303864546253728;70.6890659161533;66.63711805209594;4.100294840639491;2.9146017009211747;92.51971932123944;90.61926941794424;72.1301629470875;72.1301629470875;87.50880075078919;87.50880075078919;47.9366589948405;47.9366589948405;47.9366589948405;47.9366589948405;15.933013090032999;10.529032732671388;40.234500000141004;35.30673295314353;1.3493084724602795;1.3509950893404028;1.9969785136329392;2.4638835234987297;0.0;0.0;1.0;0.0;51;354;20;0;0;0;0;1;0;0;0;0;0;0;0;0;0;0;0;1;0;0;0;1;0;0
244;1.0;1.0;0.54;0.55;-0.028714133847008792;-0.08818413724576955;0.0011289894300623715;0.00014168840167518015;70.98467834647559;66.85032420949503;0.2956124303222936;0.21320615739908533;93.54204730147009;91.84617406386869;63.18159949544154;63.18159949544154;89.35515747834503;89.35515747834503;51.763912113885716;51.763912113885716;51.763912113885716;51.763912113885716;16.87719359592029;11.79866490532117;40.9856582309444;37.199708045743826;0.9441805058872887;1.2696321726497803;0.7511582308034122;1.8929750926002955;0.0;0.0;0.6;0.0;52;357;23;1;0;0;0;0;0;0;0;0;0;0;0;0;0;0;0;1;0;0;0;0;1;0
245;1.0;1.0;0.54;0.555;-0.028577909771452182;-0.08876425566349645;0.00013622407555661378;-0.0005801184177268992;71.8574506446224;67.46679604033808;0.8727722981468133;0.6164718308430537;92.73454200750187;92.93210287673719;69.09713275768217;69.09713275768217;90.75429897443588;90.75429897443588;55.952919254571455;55.952919254571455;55.952919254571455;55.952919254571455;17.61446141567899;12.961824207392732;41.36072853865494;38.586714876714204;0.7372678197586993;1.1631593020715645;0.37507030771053;1.3870068309703711;0.0;0.0;0.36;0.0;52;361;27;0;0;0;0;1;0;0;0;0;0;0;0;0;0;0;0;1;0;0;0;0;1;0
246;0.7725965703373371;0.9133726185192867;0.52;0.555;-0.013150640638663596;-0.074694203684093;0.015427269132788584;0.014070051979403449;52.535772262819684;55.334297467808106;-19.32167838180272;-12.132498572529984;83.25571570948613;89.8441016728194;66.53145210920053;66.53145210920053;89.3684930532501;89.3684930532501;60.31345317764271;60.31345317764271;60.31345317764271;60.31345317764271;15.902122500496487;13.549883866013484;33.555927000201336;36.90978558454324;-1.7123389151824997;0.588059658620752;-7.804801538453603;-1.6769292921709535;-1.0;0.0;-1.0;-1.0;1;364;30;1;0;0;0;0;0;0;0;0;0;0;0;0;0;0;0;1;0;0;0;0;0;1
